latitude,longitude
-7.768371,110.384111
-7.768371,110.384111
-7.768371,110.384111
-7.768371,110.384111
-7.768371,110.384111
-7.768371,110.384111
-7.768371,110.384111
-7.768371,110.384111
-7.768371,110.384111
-7.768371,110.384111
-7.768371,110.384111
-7.768371,110.384111
-7.768371,110.384111
-7.768371,110.384111
-7.768371,110.384111
-7.768371,110.384111
-7.768371,110.384111
-7.768371,110.384111
-7.768371,110.384111
-7.768371,110.384111
-7.768371,110.384111
-7.768371,110.384111
-7.768372,110.384111
-7.768371,110.384111
-7.768371,110.384111
-7.768371,110.384111
-7.768371,110.384111
-7.768371,110.384111
-7.768371,110.384111
-7.768371,110.384111
-7.768371,110.384111
-7.768371,110.384111
-7.768371,110.384111
-7.768371,110.384111
-7.768372,110.384111
-7.768372,110.384111
-7.768371,110.384111
-7.768372,110.384111
-7.768371,110.384111
-7.768371,110.384111
-7.768371,110.384111
-7.768371,110.384111
-7.768371,110.384111
-7.768372,110.384111
-7.768371,110.384111
-7.768371,110.384111
-7.768371,110.384111
-7.768371,110.384111
-7.768371,110.384111
-7.768371,110.384111
-7.768371,110.384111
-7.768371,110.384111
-7.768371,110.384111
-7.768372,110.384111
-7.768371,110.384111
-7.768371,110.384111
-7.768371,110.384111
-7.768371,110.384111
-7.768371,110.384111
-7.768371,110.384111
-7.768371,110.384111
-7.768371,110.384111
-7.768371,110.384111
-7.768371,110.384111
-7.768371,110.384111
-7.768371,110.384111
-7.768371,110.384111
-7.768372,110.384111
-7.768371,110.384111
-7.768371,110.384111
-7.768371,110.384111
-7.768371,110.384111
-7.768371,110.384111
-7.768371,110.384111
-7.768371,110.384111
-7.768371,110.384111
-7.768371,110.384111
-7.768372,110.384111
-7.768371,110.384111
-7.768372,110.384111
-7.768372,110.384111
-7.768372,110.384111
-7.768372,110.384111
-7.768371,110.384111
-7.768372,110.384111
-7.768372,110.384111
-7.768371,110.384111
-7.768371,110.384111
-7.768372,110.384111
-7.768371,110.384111
-7.768371,110.384111
-7.768371,110.384111
-7.768371,110.384111
-7.768371,110.384111
-7.768371,110.384111
-7.768371,110.384111
-7.768371,110.384111
-7.768371,110.384111
-7.768371,110.384111
-7.768371,110.384111
-7.768371,110.384111
-7.768371,110.384111
-7.768371,110.384111
-7.768372,110.384111
-7.768371,110.384111
-7.768371,110.384111
-7.768371,110.384111
-7.768371,110.384111
-7.768371,110.384111
-7.768371,110.384111
-7.768371,110.384111
-7.768371,110.384111
-7.768371,110.384111
-7.768371,110.384111
-7.768371,110.384111
-7.768371,110.384111
-7.768371,110.384111
-7.768371,110.384111
-7.768371,110.384111
-7.768371,110.384111
-7.768371,110.384111
-7.768371,110.384111
-7.768371,110.384111
-7.768371,110.384111
-7.768371,110.384111
-7.768371,110.384111
-7.768371,110.384111
-7.768371,110.384111
-7.768371,110.384111
-7.768371,110.384111
-7.768371,110.384111
-7.768371,110.384111
-7.768371,110.384111
-7.768371,110.384111
-7.768371,110.384111
-7.768371,110.384111
-7.768371,110.384111
-7.768371,110.384111
-7.768371,110.384111
-7.768371,110.384111
-7.768371,110.384111
-7.768371,110.384111
-7.768371,110.384111
-7.768371,110.384111
-7.768371,110.384111
-7.768371,110.384111
-7.768371,110.384111
-7.768371,110.384111
-7.768371,110.384111
-7.768371,110.384111
-7.768371,110.384111
-7.768371,110.384111
-7.768371,110.384111
-7.768371,110.384111
-7.768371,110.384111
-7.768371,110.384111
-7.768371,110.384111
-7.768371,110.384111
-7.768371,110.384111
-7.768371,110.384111
-7.768371,110.384111
-7.768371,110.384111
-7.768371,110.384111
-7.768371,110.38411
-7.768371,110.38411
-7.768371,110.384111
-7.768371,110.384111
-7.768371,110.384111
-7.768371,110.384111
-7.768371,110.384111
-7.768371,110.384111
-7.768371,110.384111
-7.768371,110.384111
-7.768371,110.38411
-7.768371,110.384111
-7.768371,110.384111
-7.768371,110.384111
-7.768371,110.384111
-7.768371,110.384111
-7.768371,110.384111
-7.768371,110.384111
-7.768371,110.384111
-7.768371,110.384111
-7.768371,110.384111
-7.768372,110.384111
-7.768371,110.384111
-7.768371,110.384111
-7.768371,110.384111
-7.768371,110.384111
-7.768371,110.384111
-7.768371,110.384111
-7.768371,110.384111
-7.768371,110.384111
-7.768371,110.384111
-7.768371,110.384111
-7.768371,110.384111
-7.768371,110.384111
-7.768371,110.384111
-7.768371,110.384111
-7.768371,110.384111
-7.768371,110.384111
-7.768371,110.384111
-7.768371,110.384111
-7.768371,110.384111
-7.768371,110.384111
-7.768371,110.384111
-7.768372,110.384111
-7.768371,110.384111
-7.768371,110.384111
-7.768371,110.384111
-7.768371,110.384111
-7.768371,110.384111
-7.768371,110.384111
-7.76837,110.384111
-7.76837,110.384111
-7.768371,110.384111
-7.768371,110.384111
-7.768371,110.384111
-7.768371,110.384111
-7.768371,110.384111
-7.768371,110.384112
-7.768371,110.384111
-7.768371,110.384111
-7.768371,110.384112
-7.768371,110.384112
-7.768371,110.384112
-7.768371,110.384111
-7.768371,110.384112
-7.768371,110.384112
-7.768371,110.384112
-7.768371,110.384112
-7.768371,110.384111
-7.768371,110.384112
-7.768371,110.384112
-7.768371,110.384112
-7.768371,110.384112
-7.76837,110.384111
-7.768371,110.384112
-7.768371,110.384112
-7.768371,110.384112
-7.768371,110.384112
-7.768371,110.384111
-7.768371,110.384112
-7.768371,110.384112
-7.768371,110.384112
-7.768371,110.384112
-7.768371,110.384111
-7.768371,110.384112
-7.768371,110.384112
-7.768371,110.384112
-7.768371,110.384112
-7.768371,110.384112
-7.768371,110.384112
-7.768371,110.384111
-7.768371,110.384112
-7.768371,110.384111
-7.768371,110.384112
-7.768371,110.384112
-7.768371,110.384112
-7.768371,110.384112
-7.768371,110.384112
-7.768371,110.384112
-7.768371,110.384112
-7.768371,110.384111
-7.768371,110.384111
-7.768371,110.384111
-7.768371,110.384112
-7.768371,110.384112
-7.768371,110.384111
-7.768371,110.384111
-7.768371,110.384111
-7.768371,110.384112
-7.768371,110.384111
-7.768371,110.384111
-7.768371,110.384111
-7.768371,110.384111
-7.768371,110.384111
-7.768371,110.384111
-7.768371,110.384111
-7.768371,110.384111
-7.768371,110.384111
-7.768371,110.384112
-7.768371,110.384111
-7.768371,110.384111
-7.768371,110.384111
-7.768372,110.384111
-7.768371,110.384112
-7.768372,110.384111
-7.768372,110.384111
-7.768372,110.384111
-7.768372,110.384111
-7.768371,110.384111
-7.768372,110.384111
-7.768372,110.384111
-7.768372,110.384111
-7.768372,110.38411
-7.768371,110.384111
-7.768372,110.38411
-7.768372,110.384111
-7.768372,110.384111
-7.768372,110.38411
-7.768371,110.384111
-7.768372,110.38411
-7.768372,110.38411
-7.768372,110.38411
-7.768372,110.384111
-7.768372,110.384111
-7.768372,110.384111
-7.768372,110.384111
-7.768372,110.38411
-7.768372,110.38411
-7.768372,110.384111
-7.768372,110.38411
-7.768372,110.38411
-7.768372,110.38411
-7.768372,110.38411
-7.768372,110.384111
-7.768372,110.38411
-7.768372,110.384111
-7.768372,110.38411
-7.768372,110.384111
-7.768372,110.384111
-7.768372,110.384111
-7.768372,110.384111
-7.768372,110.384111
-7.768372,110.384111
-7.768372,110.384111
-7.768372,110.384111
-7.768372,110.384111
-7.768372,110.384111
-7.768372,110.384111
-7.768372,110.38411
-7.768371,110.384111
-7.768371,110.384111
-7.768371,110.384111
-7.768371,110.384112
-7.768372,110.384111
-7.768371,110.384112
-7.768371,110.384112
-7.768371,110.384111
-7.768371,110.384111
-7.768372,110.38411
-7.768371,110.384112
-7.768371,110.384112
-7.768371,110.384112
-7.768371,110.384112
-7.768372,110.384111
-7.768371,110.384112
-7.768371,110.384112
-7.768371,110.384112
-7.768371,110.384112
-7.768372,110.384111
-7.768371,110.384112
-7.76837,110.384112
-7.76837,110.384112
-7.76837,110.384112
-7.768371,110.384112
-7.76837,110.384112
-7.76837,110.384112
-7.76837,110.384112
-7.76837,110.384112
-7.768371,110.384111
-7.76837,110.384112
-7.76837,110.384112
-7.76837,110.384112
-7.76837,110.384112
-7.768371,110.384112
-7.768369,110.384112
-7.76837,110.384112
-7.76837,110.384112
-7.76837,110.384112
-7.768371,110.384112
-7.76837,110.384113
-7.76837,110.384112
-7.76837,110.384112
-7.76837,110.384112
-7.76837,110.384112
-7.76837,110.384112
-7.76837,110.384112
-7.76837,110.384112
-7.76837,110.384112
-7.76837,110.384112
-7.76837,110.384112
-7.76837,110.384112
-7.76837,110.384112
-7.76837,110.384112
-7.76837,110.384112
-7.76837,110.384112
-7.76837,110.384112
-7.76837,110.384112
-7.76837,110.384112
-7.76837,110.384113
-7.76837,110.384112
-7.76837,110.384112
-7.76837,110.384112
-7.76837,110.384112
-7.76837,110.384112
-7.76837,110.384112
-7.76837,110.384112
-7.76837,110.384112
-7.76837,110.384111
-7.76837,110.384112
-7.76837,110.384111
-7.76837,110.384111
-7.76837,110.384111
-7.76837,110.384111
-7.76837,110.384112
-7.768369,110.384111
-7.768369,110.384111
-7.768369,110.384111
-7.768369,110.384111
-7.76837,110.384112
-7.768369,110.384112
-7.768369,110.384112
-7.768369,110.384112
-7.768369,110.384111
-7.76837,110.384112
-7.768369,110.384111
-7.768369,110.384112
-7.768369,110.384112
-7.768369,110.384112
-7.76837,110.384111
-7.768369,110.384112
-7.768369,110.384112
-7.768369,110.384112
-7.768369,110.384112
-7.76837,110.384111
-7.768369,110.384112
-7.768369,110.384111
-7.768369,110.384111
-7.76837,110.384112
-7.768369,110.384111
-7.76837,110.384112
-7.76837,110.384112
-7.76837,110.384112
-7.76837,110.384112
-7.768369,110.384111
-7.76837,110.384111
-7.768369,110.384112
-7.768369,110.384112
-7.768369,110.384111
-7.768369,110.384112
-7.768369,110.384111
-7.768369,110.384111
-7.768369,110.384111
-7.768369,110.384111
-7.768369,110.384112
-7.768369,110.384112
-7.768369,110.384112
-7.768369,110.384112
-7.768369,110.384112
-7.768369,110.384111
-7.768369,110.384112
-7.768369,110.384112
-7.768369,110.384112
-7.768369,110.384112
-7.76837,110.384112
-7.768369,110.384112
-7.768369,110.384112
-7.768369,110.384112
-7.768369,110.384113
-7.768369,110.384111
-7.768369,110.384113
-7.768369,110.384113
-7.768369,110.384113
-7.768369,110.384113
-7.768369,110.384111
-7.768369,110.384113
-7.768369,110.384113
-7.768369,110.384113
-7.768369,110.384113
-7.768369,110.384112
-7.768369,110.384114
-7.768369,110.384114
-7.768369,110.384114
-7.768369,110.384115
-7.768369,110.384112
-7.768369,110.384116
-7.76837,110.384117
-7.76837,110.384118
-7.76837,110.38412
-7.768369,110.384113
-7.768371,110.384122
-7.768371,110.384124
-7.768372,110.384127
-7.768373,110.384135
-7.768369,110.384113
-7.768375,110.38414
-7.768376,110.384146
-7.768378,110.384152
-7.768381,110.384167
-7.768369,110.384113
-7.768382,110.384175
-7.768383,110.384184
-7.768384,110.384194
-7.768386,110.384214
-7.768369,110.384115
-7.768387,110.384226
-7.768388,110.384238
-7.768389,110.38425
-7.768392,110.384274
-7.76837,110.384119
-7.768393,110.384285
-7.768393,110.384296
-7.768393,110.384308
-7.768393,110.38433
-7.768372,110.384131
-7.768393,110.384341
-7.768394,110.384352
-7.768394,110.384363
-7.768393,110.384384
-7.768379,110.384159
-7.768393,110.384394
-7.768392,110.384405
-7.768392,110.384415
-7.76839,110.384436
-7.768385,110.384204
-7.768389,110.384446
-7.768388,110.384456
-7.768387,110.384466
-7.768385,110.384487
-7.76839,110.384262
-7.768384,110.384497
-7.768383,110.384507
-7.768382,110.384517
-7.768379,110.384537
-7.768393,110.384319
-7.768377,110.384547
-7.768376,110.384557
-7.768374,110.384566
-7.768372,110.384585
-7.768393,110.384374
-7.76837,110.384594
-7.768369,110.384603
-7.768368,110.384612
-7.768366,110.384629
-7.768391,110.384426
-7.768365,110.384638
-7.768364,110.384647
-7.768362,110.384655
-7.768361,110.384671
-7.768386,110.384477
-7.76836,110.38468
-7.768359,110.384688
-7.768358,110.384696
-7.768356,110.384713
-7.76838,110.384527
-7.768355,110.384722
-7.768354,110.384731
-7.768353,110.384739
-7.768351,110.384757
-7.768373,110.384576
-7.768351,110.384765
-7.76835,110.384774
-7.76835,110.384783
-7.768367,110.384621
-7.76835,110.384807
-7.76835,110.384816
-7.76835,110.384824
-7.76835,110.384839
-7.768362,110.384663
-7.768351,110.384847
-7.768351,110.384854
-7.768352,110.384861
-7.768354,110.384876
-7.768357,110.384705
-7.768355,110.384883
-7.768356,110.384891
-7.768358,110.384898
-7.768361,110.384912
-7.768352,110.384748
-7.768363,110.38492
-7.768365,110.384927
-7.768368,110.384934
-7.768373,110.384948
-7.76835,110.384791
-7.768375,110.384955
-7.768378,110.384962
-7.76838,110.384968
-7.768385,110.384981
-7.76835,110.384831
-7.768388,110.384987
-7.76839,110.384992
-7.768392,110.384998
-7.768397,110.385009
-7.768353,110.384869
-7.7684,110.385014
-7.768402,110.38502
-7.768404,110.385025
-7.76841,110.385035
-7.768359,110.384905
-7.768412,110.38504
-7.768415,110.385045
-7.768418,110.38505
-7.768424,110.38506
-7.76837,110.384941
-7.768427,110.385065
-7.76843,110.38507
-7.768434,110.385076
-7.768441,110.385086
-7.768383,110.384975
-7.768445,110.385092
-7.768449,110.385097
-7.768454,110.385103
-7.768462,110.385114
-7.768395,110.385004
-7.768467,110.38512
-7.768471,110.385126
-7.768476,110.385132
-7.768487,110.385143
-7.768407,110.38503
-7.768492,110.385149
-7.768498,110.385155
-7.768503,110.385161
-7.768515,110.385173
-7.768421,110.385055
-7.768521,110.385179
-7.768527,110.385185
-7.768533,110.385191
-7.768545,110.385202
-7.768438,110.385081
-7.768552,110.385208
-7.768558,110.385214
-7.768565,110.385219
-7.768578,110.385231
-7.768458,110.385109
-7.768585,110.385237
-7.768592,110.385242
-7.768599,110.385248
-7.768613,110.385259
-7.768482,110.385137
-7.768621,110.385264
-7.768628,110.385269
-7.768635,110.385275
-7.768651,110.385285
-7.768509,110.385167
-7.768659,110.385291
-7.768668,110.385296
-7.768676,110.385302
-7.768692,110.385313
-7.768539,110.385197
-7.768701,110.385318
-7.768709,110.385324
-7.768718,110.385329
-7.768736,110.385339
-7.768571,110.385225
-7.768745,110.385344
-7.768755,110.385349
-7.768764,110.385353
-7.768784,110.385362
-7.768606,110.385253
-7.768794,110.385366
-7.768804,110.385369
-7.768814,110.385373
-7.768835,110.38538
-7.768643,110.38528
-7.768846,110.385384
-7.768857,110.385387
-7.768867,110.38539
-7.768888,110.385397
-7.768684,110.385307
-7.768899,110.385399
-7.768911,110.385403
-7.768923,110.385405
-7.768944,110.38541
-7.768727,110.385335
-7.768955,110.385413
-7.768966,110.385415
-7.768977,110.385418
-7.769,110.385422
-7.768774,110.385358
-7.769011,110.385425
-7.769022,110.385427
-7.769034,110.385429
-7.769057,110.385433
-7.768825,110.385377
-7.769069,110.385436
-7.76908,110.385438
-7.769091,110.385439
-7.769112,110.385441
-7.768878,110.385394
-7.769123,110.385442
-7.769134,110.385443
-7.769145,110.385443
-7.769166,110.385444
-7.768933,110.385408
-7.769176,110.385445
-7.769187,110.385446
-7.769198,110.385446
-7.769219,110.385446
-7.768988,110.38542
-7.76923,110.385446
-7.76924,110.385446
-7.769251,110.385446
-7.769272,110.385445
-7.769045,110.385431
-7.769282,110.385445
-7.769292,110.385444
-7.769302,110.385444
-7.769322,110.385442
-7.769102,110.385441
-7.769333,110.385442
-7.769343,110.385441
-7.769354,110.385441
-7.769374,110.385441
-7.769155,110.385444
-7.769384,110.38544
-7.769394,110.38544
-7.769404,110.38544
-7.769424,110.385439
-7.769209,110.385446
-7.769433,110.385438
-7.769443,110.385438
-7.769452,110.385439
-7.769472,110.385439
-7.769261,110.385446
-7.769481,110.385441
-7.769489,110.385441
-7.769498,110.385442
-7.769513,110.385445
-7.769312,110.385443
-7.76952,110.385446
-7.769527,110.385447
-7.769534,110.385449
-7.769548,110.385453
-7.769364,110.385441
-7.769555,110.385455
-7.769561,110.385458
-7.769568,110.38546
-7.76958,110.385466
-7.769414,110.385439
-7.769586,110.385469
-7.769592,110.385472
-7.769598,110.385476
-7.769609,110.385483
-7.769462,110.385439
-7.769614,110.385487
-7.769618,110.385491
-7.769622,110.385494
-7.769629,110.385502
-7.769506,110.385443
-7.769633,110.385506
-7.769636,110.38551
-7.769639,110.385513
-7.769646,110.385521
-7.769542,110.385451
-7.769648,110.385526
-7.769651,110.38553
-7.769654,110.385534
-7.769659,110.385543
-7.769574,110.385463
-7.769661,110.385548
-7.769662,110.385552
-7.769664,110.385557
-7.769667,110.385566
-7.769603,110.38548
-7.769668,110.38557
-7.76967,110.385574
-7.769671,110.385579
-7.769674,110.385588
-7.769626,110.385498
-7.769676,110.385593
-7.769677,110.385598
-7.769679,110.385603
-7.769684,110.385612
-7.769642,110.385517
-7.769686,110.385616
-7.769689,110.38562
-7.769693,110.385624
-7.7697,110.385631
-7.769656,110.385539
-7.769704,110.385634
-7.769709,110.385636
-7.769714,110.385638
-7.769724,110.385642
-7.769666,110.385561
-7.76973,110.385642
-7.769736,110.385642
-7.769741,110.385642
-7.769752,110.385639
-7.769673,110.385584
-7.769757,110.385637
-7.769762,110.385634
-7.769766,110.385631
-7.769774,110.385624
-7.769682,110.385607
-7.769777,110.38562
-7.76978,110.385615
-7.769782,110.38561
-7.769785,110.3856
-7.769696,110.385627
-7.769786,110.385595
-7.769786,110.385591
-7.769785,110.385586
-7.769784,110.385577
-7.769719,110.38564
-7.769782,110.385573
-7.769781,110.385569
-7.769779,110.385565
-7.769775,110.385558
-7.769747,110.385641
-7.769772,110.385554
-7.769769,110.385551
-7.769765,110.385548
-7.769758,110.385542
-7.76977,110.385628
-7.769754,110.385539
-7.769749,110.385536
-7.769744,110.385534
-7.769735,110.38553
-7.769784,110.385605
-7.76973,110.385528
-7.769725,110.385526
-7.769721,110.385524
-7.769712,110.38552
-7.769785,110.385581
-7.769707,110.385518
-7.769703,110.385516
-7.769699,110.385514
-7.76969,110.38551
-7.769777,110.385561
-7.769686,110.385508
-7.769681,110.385506
-7.769677,110.385504
-7.769667,110.385499
-7.769762,110.385545
-7.769662,110.385497
-7.769657,110.385495
-7.769652,110.385493
-7.769642,110.385487
-7.76974,110.385532
-7.769636,110.385484
-7.76963,110.385481
-7.769624,110.385478
-7.769612,110.385472
-7.769716,110.385522
-7.769606,110.385469
-7.7696,110.385467
-7.769594,110.385463
-7.769581,110.385457
-7.769694,110.385512
-7.769568,110.385452
-7.769561,110.385449
-7.769548,110.385444
-7.769672,110.385502
-7.769541,110.385442
-7.769534,110.38544
-7.769527,110.385438
-7.769513,110.385436
-7.769647,110.38549
-7.769505,110.385434
-7.769497,110.385433
-7.769489,110.385432
-7.769474,110.385431
-7.769618,110.385476
-7.769465,110.38543
-7.769457,110.38543
-7.769448,110.385431
-7.769431,110.385432
-7.769587,110.385461
-7.769423,110.385432
-7.769414,110.385433
-7.769405,110.385434
-7.769387,110.385434
-7.769555,110.385447
-7.769378,110.385435
-7.769368,110.385435
-7.769359,110.385436
-7.76934,110.385438
-7.76952,110.385437
-7.76933,110.385439
-7.769321,110.385439
-7.769311,110.38544
-7.769291,110.385441
-7.769482,110.385431
-7.769282,110.385442
-7.769271,110.385442
-7.769261,110.385442
-7.769242,110.385443
-7.76944,110.385431
-7.769232,110.385443
-7.769222,110.385443
-7.769213,110.385443
-7.769195,110.385443
-7.769396,110.385434
-7.769186,110.385443
-7.769177,110.385443
-7.769169,110.385443
-7.76915,110.385442
-7.76935,110.385437
-7.769142,110.385441
-7.769133,110.385441
-7.769125,110.385439
-7.769107,110.385436
-7.7693,110.38544
-7.769098,110.385435
-7.76909,110.385434
-7.769082,110.385432
-7.769066,110.38543
-7.769252,110.385443
-7.769058,110.385429
-7.76905,110.385427
-7.769041,110.385426
-7.769024,110.385422
-7.769203,110.385443
-7.769014,110.38542
-7.769006,110.385418
-7.768996,110.385415
-7.768978,110.38541
-7.76916,110.385442
-7.768969,110.385408
-7.768961,110.385406
-7.768952,110.385403
-7.768936,110.385399
-7.769116,110.385437
-7.768927,110.385396
-7.768919,110.385394
-7.768911,110.385391
-7.768895,110.385387
-7.769075,110.385431
-7.768887,110.385384
-7.768879,110.385382
-7.768871,110.38538
-7.768856,110.385374
-7.769033,110.385424
-7.768849,110.385372
-7.768841,110.385369
-7.768834,110.385366
-7.768819,110.38536
-7.768987,110.385413
-7.768812,110.385357
-7.768805,110.385354
-7.768798,110.385351
-7.768784,110.385344
-7.768944,110.385401
-7.768776,110.385342
-7.768769,110.385339
-7.768762,110.385336
-7.768747,110.38533
-7.768903,110.385389
-7.76874,110.385326
-7.768734,110.385322
-7.768727,110.385319
-7.768714,110.385311
-7.768863,110.385377
-7.768708,110.385307
-7.768701,110.385303
-7.768695,110.385299
-7.768683,110.385292
-7.768827,110.385363
-7.768677,110.385288
-7.768672,110.385284
-7.768666,110.385281
-7.768655,110.385273
-7.768791,110.385348
-7.76865,110.385269
-7.768645,110.385264
-7.768639,110.38526
-7.768628,110.385251
-7.768754,110.385333
-7.768623,110.385247
-7.768618,110.385242
-7.768612,110.385237
-7.768601,110.385228
-7.768721,110.385315
-7.768595,110.385222
-7.76859,110.385217
-7.768584,110.385211
-7.768573,110.3852
-7.768689,110.385296
-7.768568,110.385194
-7.768562,110.385188
-7.768557,110.385182
-7.768546,110.38517
-7.768661,110.385277
-7.768541,110.385164
-7.768536,110.385158
-7.768531,110.385152
-7.768522,110.38514
-7.768634,110.385256
-7.768517,110.385134
-7.768508,110.385122
-7.768499,110.38511
-7.768607,110.385233
-7.768495,110.385104
-7.768491,110.385099
-7.768487,110.385093
-7.768479,110.385082
-7.768579,110.385205
-7.768476,110.385077
-7.768472,110.385072
-7.768468,110.385067
-7.768462,110.385058
-7.768551,110.385176
-7.76846,110.385053
-7.768457,110.38505
-7.768455,110.385046
-7.768451,110.385039
-7.768527,110.385146
-7.768449,110.385036
-7.768448,110.385034
-7.768446,110.385031
-7.768443,110.385025
-7.768503,110.385116
-7.768442,110.385023
-7.768441,110.38502
-7.768439,110.385018
-7.768437,110.385013
-7.768483,110.385088
-7.768436,110.385011
-7.768434,110.385009
-7.768433,110.385007
-7.76843,110.385003
-7.768465,110.385062
-7.768429,110.385
-7.768428,110.384997
-7.768426,110.384995
-7.768424,110.38499
-7.768453,110.385043
-7.768423,110.384987
-7.768422,110.384985
-7.76842,110.384983
-7.768418,110.384978
-7.768445,110.385028
-7.768417,110.384975
-7.768415,110.384972
-7.768414,110.384969
-7.768411,110.384963
-7.768438,110.385016
-7.76841,110.384961
-7.768408,110.384958
-7.768407,110.384956
-7.768405,110.384952
-7.768432,110.385005
-7.768404,110.384951
-7.768403,110.38495
-7.768402,110.384949
-7.768401,110.384947
-7.768425,110.384992
-7.768401,110.384946
-7.7684,110.384944
-7.768399,110.384943
-7.768397,110.384941
-7.768419,110.38498
-7.768396,110.38494
-7.768394,110.384939
-7.768393,110.384938
-7.76839,110.384936
-7.768412,110.384966
-7.768388,110.384935
-7.768386,110.384934
-7.768385,110.384934
-7.768381,110.384932
-7.768406,110.384954
-7.76838,110.384932
-7.768378,110.384931
-7.768377,110.384931
-7.768374,110.384931
-7.768402,110.384948
-7.768373,110.384931
-7.768371,110.38493
-7.76837,110.38493
-7.768367,110.38493
-7.768398,110.384942
-7.768365,110.38493
-7.768363,110.38493
-7.768361,110.384931
-7.768358,110.384931
-7.768391,110.384937
-7.768356,110.384931
-7.768355,110.384931
-7.768353,110.384932
-7.76835,110.384933
-7.768383,110.384933
-7.768348,110.384934
-7.768346,110.384935
-7.768344,110.384936
-7.76834,110.384938
-7.768376,110.384931
-7.768337,110.384939
-7.768335,110.38494
-7.768332,110.384941
-7.768327,110.384943
-7.768368,110.38493
-7.768325,110.384944
-7.768322,110.384945
-7.768319,110.384947
-7.768313,110.38495
-7.76836,110.384931
-7.76831,110.384951
-7.768307,110.384952
-7.768304,110.384954
-7.768298,110.384957
-7.768351,110.384933
-7.768296,110.384958
-7.768292,110.384959
-7.768289,110.384961
-7.768283,110.384965
-7.768342,110.384936
-7.768279,110.384966
-7.768276,110.384968
-7.768272,110.38497
-7.768265,110.384974
-7.76833,110.384942
-7.768261,110.384975
-7.768257,110.384977
-7.768253,110.384979
-7.768244,110.384983
-7.768316,110.384948
-7.76824,110.384986
-7.768236,110.384988
-7.768231,110.38499
-7.768222,110.384994
-7.768301,110.384955
-7.768217,110.384996
-7.768212,110.384998
-7.768208,110.384999
-7.768197,110.385003
-7.768286,110.384963
-7.768192,110.385005
-7.768187,110.385006
-7.768181,110.385008
-7.76817,110.385011
-7.768269,110.384972
-7.768164,110.385012
-7.768158,110.385013
-7.768153,110.385013
-7.768141,110.385015
-7.768249,110.384981
-7.768136,110.385014
-7.76813,110.385014
-7.768125,110.385013
-7.768114,110.385011
-7.768227,110.384992
-7.768109,110.38501
-7.768104,110.385008
-7.768099,110.385006
-7.768089,110.385002
-7.768203,110.385001
-7.768084,110.384999
-7.768079,110.384996
-7.768074,110.384993
-7.768064,110.384987
-7.768058,110.384984
-7.768037,110.384971
-7.768147,110.385014
-7.768031,110.384968
-7.768026,110.384965
-7.76802,110.384962
-7.768008,110.384956
-7.768119,110.385013
-7.768002,110.384954
-7.767996,110.384951
-7.76799,110.38495
-7.767978,110.384946
-7.768094,110.385004
-7.767972,110.384945
-7.767966,110.384944
-7.767959,110.384944
-7.767947,110.384943
-7.768069,110.38499
-7.76794,110.384944
-7.767933,110.384944
-7.767926,110.384945
-7.767913,110.384947
-7.768042,110.384975
-7.767907,110.384949
-7.7679,110.384951
-7.767894,110.384953
-7.767882,110.384958
-7.768014,110.384959
-7.767876,110.384961
-7.76787,110.384965
-7.767865,110.384968
-7.767854,110.384977
-7.767984,110.384948
-7.767849,110.384981
-7.767844,110.384986
-7.76784,110.384991
-7.767831,110.385001
-7.767953,110.384943
-7.767827,110.385007
-7.767824,110.385013
-7.767821,110.385019
-7.767816,110.385031
-7.76792,110.384946
-7.767814,110.385037
-7.767813,110.385043
-7.767812,110.385049
-7.767811,110.385061
-7.767888,110.384955
-7.76781,110.385067
-7.767811,110.385073
-7.767812,110.385079
-7.767813,110.38509
-7.767859,110.384972
-7.767814,110.385096
-7.767816,110.385102
-7.767818,110.385108
-7.767822,110.38512
-7.767835,110.384996
-7.767825,110.385126
-7.767828,110.385132
-7.767832,110.385138
-7.767839,110.385149
-7.767818,110.385025
-7.767843,110.385154
-7.767848,110.385159
-7.767852,110.385164
-7.767863,110.385173
-7.767811,110.385055
-7.767868,110.385177
-7.767873,110.385181
-7.767879,110.385185
-7.767891,110.385191
-7.767812,110.385085
-7.767897,110.385193
-7.767904,110.385196
-7.76791,110.385198
-7.767923,110.385201
-7.76782,110.385114
-7.76793,110.385202
-7.767937,110.385202
-7.767943,110.385203
-7.767957,110.385202
-7.767835,110.385144
-7.767964,110.385201
-7.76797,110.3852
-7.767977,110.385198
-7.767989,110.385194
-7.767857,110.385169
-7.767996,110.385191
-7.768001,110.385188
-7.768007,110.385185
-7.768019,110.385178
-7.767885,110.385188
-7.768024,110.385174
-7.76803,110.38517
-7.768035,110.385165
-7.768045,110.385155
-7.767917,110.385199
-7.76805,110.38515
-7.768055,110.385145
-7.76806,110.38514
-7.76807,110.385129
-7.76795,110.385203
-7.768075,110.385123
-7.768081,110.385118
-7.768086,110.385112
-7.768096,110.385102
-7.767983,110.385196
-7.768102,110.385096
-7.768107,110.385091
-7.768113,110.385086
-7.768125,110.385076
-7.768013,110.385182
-7.768131,110.385071
-7.768138,110.385067
-7.768144,110.385063
-7.768157,110.385056
-7.76804,110.38516
-7.768164,110.385052
-7.768171,110.385049
-7.768177,110.385046
-7.768191,110.38504
-7.768065,110.385134
-7.768197,110.385038
-7.768204,110.385035
-7.768211,110.385032
-7.768223,110.385027
-7.768091,110.385107
-7.768229,110.385025
-7.768234,110.385022
-7.768239,110.38502
-7.768249,110.385016
-7.768119,110.385081
-7.768254,110.385013
-7.768259,110.385011
-7.768263,110.385009
-7.768272,110.385004
-7.768151,110.385059
-7.768275,110.385002
-7.768279,110.385
-7.768282,110.384998
-7.768288,110.384993
-7.768184,110.385043
-7.76829,110.384991
-7.768293,110.38499
-7.768295,110.384988
-7.768298,110.384984
-7.768217,110.38503
-7.7683,110.384983
-7.768301,110.384981
-7.768303,110.38498
-7.768307,110.384976
-7.768244,110.385018
-7.76831,110.384974
-7.768312,110.384971
-7.768314,110.384968
-7.768319,110.384964
-7.768268,110.385007
-7.768322,110.384961
-7.768324,110.384958
-7.768327,110.384955
-7.768332,110.384948
-7.768285,110.384995
-7.768335,110.384945
-7.768338,110.384941
-7.76834,110.384937
-7.768345,110.384929
-7.768296,110.384986
-7.768347,110.384924
-7.768349,110.38492
-7.768351,110.384915
-7.768354,110.384906
-7.768305,110.384978
-7.768356,110.384901
-7.768357,110.384897
-7.768358,110.384893
-7.768359,110.384884
-7.768317,110.384966
-7.76836,110.38488
-7.768361,110.384875
-7.768361,110.384871
-7.768362,110.384864
-7.76833,110.384952
-7.768363,110.38486
-7.768363,110.384856
-7.768363,110.384852
-7.768364,110.384844
-7.768343,110.384933
-7.768364,110.38484
-7.768364,110.384835
-7.768364,110.38483
-7.768364,110.38482
-7.768353,110.38491
-7.768364,110.384815
-7.768365,110.384809
-7.768365,110.384802
-7.768365,110.384789
-7.768359,110.384888
-7.768365,110.384782
-7.768366,110.384774
-7.768366,110.384767
-7.768367,110.384751
-7.768362,110.384867
-7.768368,110.384743
-7.768368,110.384735
-7.768369,110.384727
-7.768371,110.384711
-7.768364,110.384848
-7.768372,110.384702
-7.768374,110.384693
-7.768375,110.384684
-7.768378,110.384666
-7.768364,110.384825
-7.768379,110.384657
-7.768381,110.384647
-7.768383,110.384637
-7.768387,110.384616
-7.768365,110.384796
-7.768389,110.384606
-7.768391,110.384595
-7.768393,110.384584
-7.768397,110.384563
-7.768367,110.384759
-7.768399,110.384552
-7.768402,110.384541
-7.768404,110.384531
-7.768408,110.384512
-7.76837,110.384719
-7.76841,110.384503
-7.768412,110.384495
-7.768414,110.384487
-7.768418,110.384472
-7.768376,110.384675
-7.76842,110.384465
-7.768421,110.384459
-7.768423,110.384453
-7.768427,110.384442
-7.768385,110.384627
-7.768428,110.384437
-7.76843,110.384432
-7.768431,110.384427
-7.768434,110.384418
-7.768395,110.384573
-7.768435,110.384413
-7.768436,110.384408
-7.768437,110.384403
-7.768439,110.384393
-7.768406,110.384521
-7.768439,110.384388
-7.76844,110.384382
-7.76844,110.384376
-7.768441,110.384364
-7.768416,110.384479
-7.768441,110.384358
-7.768441,110.384351
-7.768441,110.384345
-7.76844,110.384331
-7.768425,110.384447
-7.768439,110.384324
-7.768439,110.384317
-7.768439,110.384309
-7.768437,110.384295
-7.768433,110.384422
-7.768437,110.384287
-7.768436,110.384279
-7.768435,110.384271
-7.768434,110.384254
-7.768438,110.384398
-7.768433,110.384246
-7.768432,110.384237
-7.768431,110.384228
-7.768429,110.384209
-7.76844,110.38437
-7.768428,110.3842
-7.768428,110.38419
-7.768427,110.38418
-7.768426,110.384159
-7.76844,110.384338
-7.768425,110.384149
-7.768424,110.384138
-7.768424,110.384128
-7.768423,110.384106
-7.768438,110.384302
-7.768423,110.384094
-7.768424,110.384083
-7.768424,110.384071
-7.768424,110.384047
-7.768434,110.384263
-7.768425,110.384036
-7.768425,110.384024
-7.768425,110.384012
-7.768426,110.383987
-7.768427,110.383975
-7.768427,110.38395
-7.768428,110.383925
-7.768426,110.38417
-7.768429,110.383912
-7.768428,110.3839
-7.768428,110.383887
-7.768428,110.383861
-7.768424,110.384117
-7.768429,110.383848
-7.768429,110.383835
-7.768429,110.383822
-7.768429,110.383796
-7.768424,110.384059
-7.768429,110.383782
-7.76843,110.383769
-7.76843,110.383755
-7.76843,110.383728
-7.768426,110.383999
-7.76843,110.383714
-7.76843,110.3837
-7.76843,110.383686
-7.76843,110.383659
-7.768428,110.383937
-7.76843,110.383644
-7.768431,110.38363
-7.768431,110.383616
-7.768431,110.383587
-7.768428,110.383874
-7.768432,110.383572
-7.768432,110.383558
-7.768433,110.383543
-7.768434,110.383514
-7.768429,110.383809
-7.768435,110.383499
-7.768435,110.383485
-7.768435,110.38347
-7.768436,110.383441
-7.768431,110.383742
-7.768436,110.383426
-7.768437,110.383412
-7.768437,110.383397
-7.768439,110.383368
-7.76843,110.383673
-7.768439,110.383353
-7.768439,110.383339
-7.768439,110.383325
-7.76844,110.383297
-7.768431,110.383601
-7.76844,110.383283
-7.768441,110.383268
-7.768441,110.383254
-7.768443,110.383226
-7.768434,110.383529
-7.768443,110.383212
-7.768444,110.383198
-7.768445,110.383185
-7.768446,110.383157
-7.768435,110.383455
-7.768446,110.383143
-7.768447,110.38313
-7.768447,110.383116
-7.768449,110.383088
-7.768438,110.383382
-7.76845,110.383075
-7.768451,110.383061
-7.768452,110.383048
-7.768454,110.383022
-7.76844,110.383311
-7.768455,110.383009
-7.768456,110.382995
-7.768456,110.382983
-7.768458,110.382957
-7.768442,110.38324
-7.768459,110.382944
-7.76846,110.382931
-7.768461,110.382919
-7.768463,110.382895
-7.768445,110.383171
-7.768464,110.382883
-7.768465,110.382871
-7.768466,110.38286
-7.768469,110.382837
-7.768448,110.383102
-7.76847,110.382825
-7.768472,110.382814
-7.768473,110.382803
-7.768476,110.38278
-7.768453,110.383035
-7.768478,110.382769
-7.768481,110.382758
-7.768482,110.382746
-7.768487,110.382723
-7.768457,110.38297
-7.768488,110.382712
-7.768491,110.3827
-7.768494,110.382689
-7.768499,110.382665
-7.768462,110.382906
-7.768502,110.382653
-7.768505,110.382641
-7.768508,110.38263
-7.768516,110.382606
-7.768467,110.382848
-7.768519,110.382595
-7.768523,110.382584
-7.768527,110.382572
-7.768536,110.382549
-7.768475,110.382791
-7.768541,110.382538
-7.768546,110.382527
-7.768551,110.382516
-7.768562,110.382494
-7.768485,110.382735
-7.768567,110.382483
-7.768573,110.382473
-7.768579,110.382462
-7.768592,110.382441
-7.768496,110.382677
-7.768598,110.382431
-7.768605,110.382421
-7.768613,110.382411
-7.768628,110.382391
-7.768512,110.382618
-7.768636,110.38238
-7.768645,110.38237
-7.768653,110.38236
-7.76867,110.382341
-7.768532,110.382561
-7.768688,110.382322
-7.768697,110.382312
-7.768716,110.382294
-7.768557,110.382505
-7.768725,110.382285
-7.768735,110.382275
-7.768745,110.382266
-7.768764,110.382248
-7.768586,110.382451
-7.768774,110.382239
-7.768785,110.382231
-7.768796,110.382222
-7.768817,110.382206
-7.76862,110.382401
-7.768828,110.382197
-7.768839,110.382189
-7.76885,110.382181
-7.768873,110.382165
-7.768661,110.382351
-7.768884,110.382157
-7.768896,110.382149
-7.768908,110.382141
-7.768932,110.382126
-7.768707,110.382303
-7.768944,110.382118
-7.768956,110.382111
-7.768969,110.382104
-7.768993,110.382089
-7.768754,110.382257
-7.769006,110.382082
-7.769019,110.382075
-7.769031,110.382068
-7.769056,110.382054
-7.768806,110.382214
-7.769069,110.382047
-7.769081,110.38204
-7.769094,110.382033
-7.769119,110.382019
-7.768861,110.382173
-7.769131,110.382013
-7.769143,110.382006
-7.769155,110.382
-7.76918,110.381987
-7.76892,110.382133
-7.769192,110.381981
-7.769204,110.381975
-7.769216,110.381969
-7.76924,110.381957
-7.768981,110.382096
-7.769252,110.381951
-7.769264,110.381945
-7.769275,110.381939
-7.769297,110.381928
-7.769044,110.382061
-7.769308,110.381923
-7.769318,110.381918
-7.769328,110.381913
-7.769347,110.381904
-7.769106,110.382026
-7.769355,110.381899
-7.769364,110.381895
-7.769372,110.381891
-7.769387,110.381883
-7.769168,110.381993
-7.769393,110.38188
-7.7694,110.381877
-7.769406,110.381874
-7.769417,110.381868
-7.769228,110.381963
-7.769422,110.381865
-7.769427,110.381863
-7.769431,110.38186
-7.769439,110.381856
-7.769286,110.381933
-7.769443,110.381854
-7.769447,110.381852
-7.76945,110.38185
-7.769458,110.381847
-7.769337,110.381908
-7.769462,110.381845
-7.769466,110.381843
-7.76947,110.381841
-7.769478,110.381837
-7.769379,110.381887
-7.769483,110.381835
-7.769487,110.381832
-7.769492,110.38183
-7.769501,110.381826
-7.769411,110.381871
-7.769505,110.381824
-7.769509,110.381821
-7.769514,110.381819
-7.769523,110.381814
-7.769435,110.381858
-7.769528,110.381812
-7.769532,110.381809
-7.769537,110.381808
-7.769546,110.381803
-7.769454,110.381848
-7.769551,110.381801
-7.769555,110.381799
-7.76956,110.381797
-7.769569,110.381792
-7.769474,110.381839
-7.769574,110.38179
-7.769578,110.381788
-7.769582,110.381786
-7.769589,110.381782
-7.769496,110.381828
-7.769593,110.38178
-7.769597,110.381778
-7.769601,110.381775
-7.769608,110.381771
-7.769519,110.381816
-7.769611,110.381769
-7.769615,110.381766
-7.769618,110.381763
-7.769624,110.381758
-7.769541,110.381805
-7.769627,110.381755
-7.76963,110.381752
-7.769633,110.381748
-7.769638,110.38174
-7.769565,110.381795
-7.76964,110.381736
-7.769642,110.381732
-7.769644,110.381728
-7.769648,110.381718
-7.769586,110.381784
-7.769649,110.381713
-7.76965,110.381708
-7.769651,110.381703
-7.769652,110.381693
-7.769605,110.381773
-7.769653,110.381687
-7.769653,110.381682
-7.769653,110.381677
-7.769652,110.381666
-7.769621,110.381761
-7.769652,110.381661
-7.769652,110.381655
-7.769651,110.38165
-7.76965,110.381638
-7.769635,110.381744
-7.769649,110.381633
-7.769648,110.381627
-7.769646,110.38162
-7.769644,110.381608
-7.769646,110.381723
-7.769643,110.381602
-7.769642,110.381595
-7.769641,110.381588
-7.769637,110.381574
-7.769652,110.381697
-7.769635,110.381566
-7.769633,110.381559
-7.76963,110.381551
-7.769626,110.381536
-7.769653,110.381672
-7.769623,110.381528
-7.769621,110.38152
-7.769617,110.381512
-7.769612,110.381496
-7.76965,110.381644
-7.769608,110.381487
-7.769606,110.381478
-7.769603,110.38147
-7.769597,110.381452
-7.769645,110.381614
-7.769594,110.381443
-7.769591,110.381434
-7.769587,110.381425
-7.769581,110.381406
-7.769639,110.381581
-7.769577,110.381397
-7.769574,110.381387
-7.769571,110.381378
-7.769564,110.381358
-7.769628,110.381544
-7.769561,110.381349
-7.769558,110.381339
-7.769554,110.381329
-7.769548,110.381309
-7.769615,110.381504
-7.769545,110.381299
-7.769542,110.381288
-7.769539,110.381278
-7.769533,110.381256
-7.7696,110.381461
-7.76953,110.381245
-7.769527,110.381235
-7.769524,110.381224
-7.76952,110.381202
-7.769584,110.381415
-7.769517,110.381192
-7.769514,110.381181
-7.76951,110.381171
-7.769503,110.38115
-7.769567,110.381368
-7.769499,110.38114
-7.769496,110.381129
-7.769493,110.381119
-7.769487,110.381098
-7.769551,110.381319
-7.769484,110.381087
-7.769481,110.381076
-7.769477,110.381066
-7.76947,110.381044
-7.769536,110.381267
-7.769467,110.381032
-7.769464,110.381021
-7.769462,110.381011
-7.769455,110.380989
-7.769522,110.381213
-7.769452,110.380978
-7.769448,110.380967
-7.769445,110.380956
-7.769439,110.380933
-7.769507,110.38116
-7.769436,110.380922
-7.769433,110.380911
-7.76943,110.380899
-7.769423,110.380876
-7.76949,110.381108
-7.769419,110.380865
-7.769416,110.380853
-7.769412,110.380842
-7.769406,110.380819
-7.769474,110.381055
-7.769402,110.380808
-7.769399,110.380796
-7.769395,110.380785
-7.76939,110.380762
-7.769459,110.381
-7.769387,110.38075
-7.769381,110.380739
-7.769378,110.380727
-7.76937,110.380704
-7.769442,110.380944
-7.769366,110.380692
-7.769363,110.380681
-7.769359,110.380669
-7.769352,110.380646
-7.769426,110.380887
-7.769349,110.380635
-7.769345,110.380624
-7.769342,110.380612
-7.769334,110.38059
-7.769409,110.380831
-7.769331,110.380578
-7.769327,110.380567
-7.769324,110.380555
-7.769317,110.380532
-7.769392,110.380773
-7.769313,110.380521
-7.769309,110.38051
-7.769306,110.380498
-7.769298,110.380475
-7.769374,110.380716
-7.769294,110.380463
-7.76929,110.380452
-7.769286,110.38044
-7.769278,110.380416
-7.769355,110.380658
-7.769273,110.380404
-7.769269,110.380392
-7.769265,110.38038
-7.769257,110.380355
-7.769338,110.380601
-7.769253,110.380343
-7.769249,110.38033
-7.769244,110.380318
-7.769236,110.380293
-7.76932,110.380544
-7.769232,110.38028
-7.769228,110.380268
-7.769224,110.380255
-7.769216,110.38023
-7.769302,110.380487
-7.769212,110.380217
-7.769208,110.380204
-7.769203,110.380191
-7.769195,110.380165
-7.769282,110.380428
-7.769191,110.380152
-7.769186,110.380139
-7.769182,110.380126
-7.769174,110.380099
-7.769261,110.380367
-7.76917,110.380085
-7.769166,110.380072
-7.769162,110.380058
-7.769154,110.380031
-7.76924,110.380305
-7.76915,110.380017
-7.769146,110.380003
-7.769142,110.37999
-7.769133,110.379962
-7.76922,110.380243
-7.76913,110.379949
-7.769126,110.379935
-7.769122,110.379921
-7.769114,110.379893
-7.769199,110.380178
-7.76911,110.37988
-7.769106,110.379866
-7.769102,110.379852
-7.769094,110.379825
-7.769179,110.380112
-7.769091,110.379812
-7.769087,110.379799
-7.769083,110.379786
-7.769076,110.37976
-7.769158,110.380045
-7.769072,110.379748
-7.769069,110.379735
-7.769065,110.379723
-7.769057,110.379699
-7.769137,110.379976
-7.769054,110.379688
-7.769051,110.379677
-7.769047,110.379666
-7.769041,110.379645
-7.769118,110.379907
-7.769038,110.379635
-7.769034,110.379625
-7.769031,110.379615
-7.769025,110.379596
-7.769098,110.379839
-7.769022,110.379586
-7.769018,110.379577
-7.769015,110.379568
-7.769009,110.379549
-7.76908,110.379773
-7.769006,110.37954
-7.769003,110.37953
-7.768999,110.379521
-7.768992,110.379503
-7.769061,110.379711
-7.768987,110.379494
-7.768983,110.379485
-7.768978,110.379477
-7.768968,110.379461
-7.769044,110.379655
-7.768963,110.379454
-7.768957,110.379447
-7.768951,110.379441
-7.768937,110.379429
-7.769028,110.379606
-7.768931,110.379424
-7.768924,110.379419
-7.768917,110.379415
-7.768902,110.379408
-7.769012,110.379558
-7.768894,110.379404
-7.768886,110.379401
-7.768879,110.379398
-7.768863,110.379393
-7.768995,110.379512
-7.768855,110.37939
-7.768846,110.379388
-7.768837,110.379386
-7.76882,110.379382
-7.768973,110.379469
-7.768812,110.37938
-7.768803,110.379378
-7.768795,110.379377
-7.768779,110.379375
-7.768944,110.379435
-7.76877,110.379375
-7.768762,110.379375
-7.768754,110.379375
-7.768737,110.379377
-7.76891,110.379411
-7.768728,110.379378
-7.76872,110.379379
-7.768711,110.379381
-7.768692,110.379384
-7.768871,110.379395
-7.768683,110.379386
-7.768674,110.379389
-7.768665,110.379391
-7.768646,110.379395
-7.768829,110.379383
-7.768636,110.379398
-7.768626,110.3794
-7.768617,110.379403
-7.768597,110.379408
-7.768787,110.379376
-7.768587,110.379412
-7.768577,110.379415
-7.768567,110.379418
-7.768546,110.379425
-7.768746,110.379376
-7.768536,110.379428
-7.768525,110.379431
-7.768515,110.379435
-7.768494,110.379442
-7.768702,110.379382
-7.768483,110.379446
-7.768472,110.379449
-7.768461,110.379452
-7.768439,110.37946
-7.768655,110.379393
-7.768428,110.379463
-7.768418,110.379466
-7.768407,110.379469
-7.768385,110.379476
-7.768607,110.379405
-7.768374,110.379479
-7.768363,110.379482
-7.768351,110.379486
-7.768329,110.379493
-7.768557,110.379421
-7.768317,110.379496
-7.768305,110.3795
-7.768294,110.379503
-7.76827,110.37951
-7.768504,110.379438
-7.768258,110.379513
-7.768247,110.379517
-7.768235,110.37952
-7.768211,110.379527
-7.76845,110.379456
-7.7682,110.37953
-7.768188,110.379533
-7.768176,110.379537
-7.768154,110.379544
-7.768396,110.379472
-7.768142,110.379547
-7.768131,110.379549
-7.768119,110.379553
-7.768096,110.379559
-7.76834,110.379489
-7.768085,110.379562
-7.768074,110.379565
-7.768062,110.379569
-7.76804,110.379575
-7.768282,110.379506
-7.768029,110.379578
-7.768017,110.379582
-7.768006,110.379585
-7.767984,110.379591
-7.768223,110.379523
-7.767973,110.379594
-7.767962,110.379598
-7.767951,110.379601
-7.767929,110.379607
-7.768165,110.37954
-7.767919,110.379611
-7.767908,110.379614
-7.767897,110.379617
-7.767876,110.379624
-7.768108,110.379556
-7.767866,110.379627
-7.767856,110.37963
-7.767846,110.379633
-7.767826,110.379639
-7.768051,110.379572
-7.767816,110.379642
-7.767807,110.379645
-7.767797,110.379648
-7.767779,110.379653
-7.767995,110.379588
-7.76777,110.379656
-7.767761,110.379659
-7.767753,110.379661
-7.767737,110.379666
-7.76794,110.379604
-7.767729,110.379668
-7.767722,110.379671
-7.767715,110.379673
-7.767703,110.379676
-7.767887,110.37962
-7.767697,110.379678
-7.767692,110.379679
-7.767687,110.37968
-7.767679,110.379683
-7.767836,110.379636
-7.767676,110.379684
-7.767672,110.379685
-7.76767,110.379686
-7.767664,110.379687
-7.767788,110.379651
-7.767662,110.379688
-7.76766,110.379688
-7.767657,110.379689
-7.767652,110.379691
-7.767745,110.379664
-7.767649,110.379692
-7.767647,110.379693
-7.767643,110.379694
-7.767638,110.379695
-7.767709,110.379675
-7.767635,110.379695
-7.767632,110.379697
-7.767629,110.379698
-7.767623,110.379701
-7.767683,110.379682
-7.767619,110.379703
-7.767615,110.379706
-7.767612,110.379708
-7.767605,110.379713
-7.767667,110.379686
-7.767602,110.379717
-7.767599,110.379721
-7.767596,110.379724
-7.76759,110.379731
-7.767655,110.37969
-7.767588,110.379735
-7.767586,110.37974
-7.767584,110.379745
-7.767582,110.379755
-7.767641,110.379694
-7.767581,110.37976
-7.767581,110.379766
-7.767581,110.379771
-7.767583,110.379783
-7.767626,110.379699
-7.767584,110.379789
-7.767585,110.379794
-7.767587,110.379801
-7.767591,110.379813
-7.767609,110.37971
-7.767593,110.379819
-7.767595,110.379827
-7.767597,110.379834
-7.767602,110.379848
-7.767593,110.379728
-7.767605,110.379855
-7.767607,110.379863
-7.767609,110.379871
-7.767583,110.37975
-7.767616,110.379894
-7.767619,110.379903
-7.767622,110.379911
-7.767628,110.379929
-7.767582,110.379777
-7.76763,110.379937
-7.767633,110.379946
-7.767635,110.379956
-7.76764,110.379975
-7.767589,110.379807
-7.767643,110.379984
-7.767646,110.379994
-7.767649,110.380004
-7.767654,110.380025
-7.7676,110.379841
-7.767657,110.380036
-7.76766,110.380046
-7.767663,110.380056
-7.76767,110.380078
-7.767612,110.379879
-7.767673,110.380089
-7.767677,110.3801
-7.76768,110.380111
-7.767686,110.380134
-7.767625,110.37992
-7.76769,110.380146
-7.767693,110.380157
-7.767696,110.380169
-7.767704,110.380192
-7.767638,110.379965
-7.767708,110.380204
-7.767711,110.380215
-7.767715,110.380227
-7.767722,110.38025
-7.767651,110.380015
-7.767726,110.380262
-7.767729,110.380273
-7.767733,110.380284
-7.76774,110.380307
-7.767667,110.380067
-7.767743,110.380318
-7.767746,110.380328
-7.767749,110.380339
-7.767755,110.380359
-7.767683,110.380123
-7.767758,110.380369
-7.767761,110.380379
-7.767764,110.380388
-7.767769,110.380405
-7.7677,110.38018
-7.767771,110.380413
-7.767772,110.38042
-7.767774,110.380427
-7.767778,110.380441
-7.767718,110.380239
-7.76778,110.380447
-7.767782,110.380453
-7.767783,110.380459
-7.767786,110.380469
-7.767736,110.380296
-7.767788,110.380474
-7.767789,110.380478
-7.76779,110.380482
-7.767792,110.380489
-7.767752,110.380349
-7.767793,110.380492
-7.767794,110.380496
-7.767795,110.3805
-7.767797,110.380508
-7.767766,110.380397
-7.767798,110.380512
-7.767799,110.380516
-7.767801,110.38052
-7.767803,110.380529
-7.767776,110.380434
-7.767805,110.380534
-7.767806,110.380539
-7.767807,110.380544
-7.76781,110.380555
-7.767785,110.380464
-7.767812,110.38056
-7.767814,110.380566
-7.767816,110.380573
-7.76782,110.380586
-7.767791,110.380485
-7.767823,110.380593
-7.767825,110.3806
-7.767827,110.380608
-7.767831,110.380622
-7.767796,110.380504
-7.767833,110.38063
-7.767836,110.380638
-7.767838,110.380645
-7.767842,110.380661
-7.767802,110.380525
-7.767845,110.380669
-7.767848,110.380678
-7.76785,110.380687
-7.767856,110.380705
-7.767809,110.380549
-7.767858,110.380714
-7.767861,110.380723
-7.767863,110.380731
-7.767868,110.380748
-7.767818,110.380579
-7.76787,110.380757
-7.767873,110.380766
-7.767876,110.380774
-7.767881,110.38079
-7.767829,110.380615
-7.767883,110.380798
-7.767885,110.380807
-7.767887,110.380815
-7.767892,110.38083
-7.76784,110.380653
-7.767894,110.380837
-7.767896,110.380845
-7.767898,110.380852
-7.767901,110.380866
-7.767853,110.380696
-7.767904,110.38088
-7.767906,110.380887
-7.767909,110.380899
-7.767866,110.38074
-7.767911,110.380905
-7.767914,110.380911
-7.767916,110.380917
-7.767921,110.380927
-7.767879,110.380782
-7.767924,110.380932
-7.767926,110.380937
-7.767929,110.380941
-7.767936,110.380949
-7.767889,110.380822
-7.76794,110.380952
-7.767948,110.380958
-7.767957,110.380962
-7.7679,110.380859
-7.767963,110.380963
-7.767968,110.380964
-7.767974,110.380965
-7.767986,110.380965
-7.767908,110.380893
-7.767992,110.380964
-7.767998,110.380964
-7.768004,110.380963
-7.768018,110.38096
-7.767918,110.380922
-7.768024,110.380958
-7.768031,110.380956
-7.768039,110.380954
-7.768053,110.380949
-7.767932,110.380945
-7.768061,110.380946
-7.768068,110.380943
-7.768076,110.38094
-7.768092,110.380933
-7.767953,110.38096
-7.7681,110.38093
-7.768108,110.380926
-7.768117,110.380923
-7.768133,110.380917
-7.76798,110.380965
-7.768142,110.380914
-7.768151,110.380911
-7.76816,110.380908
-7.768178,110.380902
-7.768011,110.380962
-7.768187,110.380899
-7.768197,110.380896
-7.768206,110.380893
-7.768225,110.380887
-7.768046,110.380952
-7.768235,110.380884
-7.768245,110.380881
-7.768255,110.380878
-7.768275,110.380872
-7.768084,110.380936
-7.768285,110.380869
-7.768296,110.380866
-7.768307,110.380863
-7.768317,110.38086
-7.768327,110.380856
-7.768125,110.38092
-7.768338,110.380853
-7.768349,110.38085
-7.768359,110.380847
-7.76837,110.380844
-7.76838,110.38084
-7.768169,110.380905
-7.76839,110.380837
-7.768401,110.380834
-7.768411,110.380831
-7.768421,110.380828
-7.768431,110.380825
-7.768215,110.38089
-7.76844,110.380822
-7.768449,110.38082
-7.768458,110.380817
-7.768467,110.380815
-7.768476,110.380812
-7.768265,110.380875
-7.768484,110.38081
-7.768491,110.380808
-7.768499,110.380806
-7.768506,110.380803
-7.768512,110.380801
-7.768518,110.3808
-7.768524,110.380798
-7.76853,110.380796
-7.768535,110.380794
-7.768541,110.380792
-7.768547,110.380791
-7.768552,110.380789
-7.768558,110.380787
-7.768564,110.380785
-7.768569,110.380784
-7.768575,110.380782
-7.768581,110.380781
-7.768587,110.380779
-7.768593,110.380777
-7.768599,110.380775
-7.768605,110.380774
-7.768611,110.380772
-7.768617,110.38077
-7.768623,110.380768
-7.76863,110.380766
-7.768636,110.380764
-7.768642,110.380762
-7.768649,110.38076
-7.768656,110.380758
-7.768662,110.380756
-7.768669,110.380754
-7.768676,110.380752
-7.768683,110.38075
-7.76869,110.380748
-7.768697,110.380746
-7.768704,110.380744
-7.768711,110.380741
-7.768718,110.380739
-7.768726,110.380737
-7.768734,110.380734
-7.768741,110.380732
-7.768749,110.380729
-7.768757,110.380727
-7.768764,110.380725
-7.768773,110.380723
-7.768781,110.38072
-7.768789,110.380718
-7.768797,110.380715
-7.768805,110.380713
-7.768813,110.38071
-7.768822,110.380708
-7.768829,110.380706
-7.768837,110.380703
-7.768846,110.380701
-7.768853,110.380699
-7.768861,110.380696
-7.768869,110.380694
-7.768877,110.380692
-7.768885,110.380689
-7.768893,110.380687
-7.768901,110.380685
-7.768908,110.380682
-7.768916,110.38068
-7.768924,110.380677
-7.768932,110.380675
-7.76894,110.380672
-7.768948,110.38067
-7.768956,110.380668
-7.768964,110.380665
-7.768972,110.380663
-7.76898,110.38066
-7.768988,110.380658
-7.768996,110.380656
-7.769003,110.380654
-7.769011,110.380651
-7.769019,110.380649
-7.769027,110.380647
-7.769035,110.380644
-7.769043,110.380642
-7.769051,110.380639
-7.769059,110.380637
-7.769068,110.380634
-7.769076,110.380631
-7.769084,110.380629
-7.769092,110.380627
-7.769099,110.380624
-7.769108,110.380621
-7.769116,110.380618
-7.769123,110.380616
-7.769131,110.380613
-7.769139,110.38061
-7.769147,110.380608
-7.769154,110.380606
-7.769162,110.380604
-7.769169,110.380602
-7.769176,110.3806
-7.769183,110.380598
-7.76919,110.380597
-7.769197,110.380595
-7.769204,110.380594
-7.769211,110.380593
-7.769218,110.380593
-7.769224,110.380592
-7.769231,110.380591
-7.769237,110.380591
-7.769243,110.380591
-7.769249,110.38059
-7.769255,110.380591
-7.769261,110.380591
-7.769267,110.380592
-7.769274,110.380593
-7.769279,110.380595
-7.769285,110.380597
-7.769291,110.380599
-7.769297,110.380601
-7.769302,110.380604
-7.769307,110.380608
-7.769313,110.380612
-7.769318,110.380616
-7.769323,110.380621
-7.769328,110.380626
-7.769332,110.380632
-7.769336,110.380639
-7.76934,110.380645
-7.769343,110.380652
-7.769346,110.38066
-7.769349,110.380668
-7.769351,110.380676
-7.769354,110.380684
-7.769356,110.380693
-7.769359,110.380702
-7.769361,110.380711
-7.769364,110.38072
-7.769366,110.38073
-7.769369,110.38074
-7.769372,110.38075
-7.769374,110.38076
-7.769377,110.38077
-7.76938,110.38078
-7.769383,110.38079
-7.769386,110.3808
-7.769389,110.380811
-7.769392,110.380821
-7.769395,110.380832
-7.769398,110.380842
-7.769401,110.380853
-7.769404,110.380863
-7.769407,110.380873
-7.76941,110.380882
-7.769413,110.380892
-7.769416,110.380901
-7.769419,110.380909
-7.769422,110.380918
-7.769425,110.380926
-7.769427,110.380934
-7.769429,110.380941
-7.769431,110.380948
-7.769433,110.380955
-7.769435,110.380961
-7.769437,110.380967
-7.76944,110.380973
-7.769442,110.380978
-7.769443,110.380984
-7.769444,110.380989
-7.769445,110.380994
-7.769447,110.380999
-7.769448,110.381003
-7.769449,110.381006
-7.76945,110.381009
-7.769451,110.381012
-7.769452,110.381014
-7.769452,110.381016
-7.769453,110.381017
-7.769453,110.381018
-7.769453,110.381019
-7.769453,110.38102
-7.769453,110.38102
-7.769454,110.38102
-7.769454,110.381021
-7.769454,110.381021
-7.769454,110.381021
-7.769454,110.381022
-7.769454,110.381022
-7.769455,110.381023
-7.769455,110.381024
-7.769455,110.381024
-7.769455,110.381025
-7.769455,110.381026
-7.769456,110.381027
-7.769456,110.381029
-7.769456,110.38103
-7.769457,110.381031
-7.769457,110.381033
-7.769458,110.381035
-7.769459,110.381037
-7.769459,110.381039
-7.76946,110.381041
-7.769461,110.381044
-7.769462,110.381046
-7.769464,110.381049
-7.769465,110.381053
-7.769466,110.381056
-7.769468,110.38106
-7.76947,110.381065
-7.769472,110.38107
-7.769475,110.381075
-7.769477,110.381081
-7.769479,110.381087
-7.769481,110.381093
-7.769483,110.381098
-7.769486,110.381104
-7.769488,110.38111
-7.769491,110.381117
-7.769493,110.381124
-7.769496,110.38113
-7.769498,110.381136
-7.7695,110.381142
-7.769503,110.381149
-7.769506,110.381156
-7.769508,110.381163
-7.769511,110.381171
-7.769513,110.381178
-7.769515,110.381186
-7.769516,110.381195
-7.769518,110.381203
-7.76952,110.381212
-7.769522,110.381221
-7.769524,110.38123
-7.769525,110.381239
-7.769527,110.381248
-7.769529,110.381258
-7.769532,110.381268
-7.769535,110.381277
-7.769537,110.381288
-7.76954,110.381297
-7.769542,110.381308
-7.769545,110.381318
-7.769548,110.381328
-7.769551,110.381339
-7.769553,110.381349
-7.769556,110.381359
-7.769559,110.38137
-7.769562,110.381381
-7.769563,110.381391
-7.769566,110.381401
-7.769569,110.381412
-7.769573,110.381422
-7.769575,110.381433
-7.769578,110.381443
-7.769581,110.381453
-7.769585,110.381463
-7.769587,110.381472
-7.76959,110.381481
-7.769593,110.38149
-7.769596,110.3815
-7.769598,110.381508
-7.769601,110.381517
-7.769602,110.381525
-7.769604,110.381532
-7.769606,110.381539
-7.769609,110.381546
-7.769611,110.381552
-7.769613,110.381558
-7.769615,110.381563
-7.769616,110.381569
-7.769618,110.381575
-7.769619,110.38158
-7.76962,110.381585
-7.769621,110.38159
-7.769623,110.381596
-7.769624,110.381601
-7.769626,110.381606
-7.769628,110.381611
-7.769629,110.381616
-7.769631,110.38162
-7.769632,110.381624
-7.769634,110.381627
-7.769636,110.381631
-7.769637,110.381634
-7.769639,110.381638
-7.76964,110.381641
-7.769642,110.381644
-7.769644,110.381647
-7.769646,110.38165
-7.769648,110.381653
-7.76965,110.381656
-7.769652,110.381659
-7.769655,110.381662
-7.769658,110.381665
-7.769661,110.381668
-7.769664,110.381671
-7.769668,110.381674
-7.769673,110.381676
-7.769677,110.381679
-7.769682,110.381681
-7.769688,110.381684
-7.769693,110.381686
-7.769699,110.381688
-7.769706,110.381689
-7.769712,110.38169
-7.769719,110.381691
-7.769725,110.381692
-7.769732,110.381692
-7.76974,110.381692
-7.769747,110.381692
-7.769754,110.381692
-7.769762,110.381691
-7.769769,110.38169
-7.769777,110.381689
-7.769784,110.381688
-7.769792,110.381686
-7.7698,110.381684
-7.769809,110.381682
-7.769817,110.381679
-7.769826,110.381677
-7.769835,110.381674
-7.769844,110.381671
-7.769854,110.381668
-7.769863,110.381665
-7.769873,110.381662
-7.769883,110.381658
-7.769893,110.381655
-7.769903,110.381652
-7.769914,110.381649
-7.769924,110.381646
-7.769935,110.381643
-7.769946,110.381639
-7.769956,110.381637
-7.769967,110.381633
-7.769978,110.38163
-7.76999,110.381627
-7.770002,110.381623
-7.770013,110.38162
-7.770025,110.381617
-7.770037,110.381613
-7.770049,110.38161
-7.770061,110.381607
-7.770073,110.381603
-7.770085,110.3816
-7.770097,110.381597
-7.77011,110.381593
-7.770122,110.38159
-7.770134,110.381586
-7.770146,110.381582
-7.770158,110.381579
-7.77017,110.381575
-7.770183,110.381571
-7.770195,110.381568
-7.770208,110.381564
-7.77022,110.381561
-7.770232,110.381557
-7.770245,110.381553
-7.770257,110.38155
-7.770269,110.381546
-7.770282,110.381542
-7.770294,110.381538
-7.770307,110.381534
-7.770319,110.38153
-7.770332,110.381526
-7.770344,110.381522
-7.770357,110.381518
-7.770369,110.381515
-7.770381,110.381511
-7.770393,110.381508
-7.770405,110.381504
-7.770417,110.381501
-7.770429,110.381497
-7.77044,110.381493
-7.770451,110.38149
-7.770463,110.381486
-7.770474,110.381483
-7.770485,110.381479
-7.770495,110.381476
-7.770506,110.381472
-7.770516,110.38147
-7.770526,110.381467
-7.770535,110.381464
-7.770545,110.381462
-7.770554,110.381459
-7.770562,110.381458
-7.770571,110.381456
-7.770579,110.381455
-7.770587,110.381454
-7.770594,110.381453
-7.770601,110.381453
-7.770608,110.381453
-7.770615,110.381453
-7.770622,110.381454
-7.770629,110.381455
-7.770635,110.381456
-7.770641,110.381457
-7.770647,110.381459
-7.770653,110.381461
-7.770658,110.381463
-7.770664,110.381466
-7.770669,110.381468
-7.770674,110.381471
-7.770679,110.381475
-7.770684,110.381478
-7.770689,110.381482
-7.770693,110.381486
-7.770697,110.38149
-7.770701,110.381494
-7.770705,110.381498
-7.770709,110.381503
-7.770713,110.381508
-7.770716,110.381512
-7.770719,110.381516
-7.770722,110.381521
-7.770725,110.381526
-7.770728,110.381531
-7.770731,110.381536
-7.770733,110.381541
-7.770736,110.381546
-7.770737,110.381551
-7.770739,110.381557
-7.770741,110.381562
-7.770742,110.381568
-7.770743,110.381573
-7.770745,110.381579
-7.770746,110.381584
-7.770748,110.381596
-7.770749,110.381603
-7.77075,110.381609
-7.770751,110.381616
-7.770752,110.381623
-7.770753,110.381631
-7.770754,110.381638
-7.770755,110.381646
-7.770756,110.381655
-7.770758,110.381663
-7.770759,110.381672
-7.77076,110.381681
-7.770763,110.381691
-7.770764,110.381701
-7.770766,110.381711
-7.770768,110.381721
-7.77077,110.381732
-7.770772,110.381742
-7.770774,110.381752
-7.770776,110.381761
-7.770778,110.381771
-7.77078,110.381781
-7.770783,110.381791
-7.770785,110.3818
-7.770788,110.381809
-7.77079,110.381818
-7.770793,110.381827
-7.770796,110.381835
-7.770798,110.381844
-7.770801,110.38185
-7.770803,110.381858
-7.770806,110.381865
-7.770808,110.381872
-7.770809,110.381879
-7.77081,110.381886
-7.770811,110.381892
-7.770813,110.381899
-7.770815,110.381904
-7.770816,110.38191
-7.770817,110.381915
-7.770819,110.381919
-7.77082,110.381924
-7.770822,110.381929
-7.770823,110.381934
-7.770824,110.381939
-7.770825,110.381944
-7.770827,110.381949
-7.770828,110.381954
-7.770829,110.381959
-7.770831,110.381964
-7.770832,110.38197
-7.770833,110.381976
-7.770835,110.381983
-7.770837,110.381989
-7.770839,110.381996
-7.770841,110.382003
-7.770843,110.382011
-7.770846,110.382018
-7.770848,110.382026
-7.77085,110.382033
-7.770852,110.382042
-7.770854,110.38205
-7.770856,110.382058
-7.770858,110.382067
-7.770861,110.382076
-7.770863,110.382085
-7.770866,110.382093
-7.770868,110.382102
-7.770871,110.382111
-7.770874,110.38212
-7.770877,110.382129
-7.770879,110.382137
-7.770883,110.382145
-7.770886,110.382154
-7.77089,110.382162
-7.770893,110.382169
-7.770898,110.382177
-7.770902,110.382184
-7.770907,110.38219
-7.770912,110.382197
-7.770917,110.382203
-7.770923,110.382208
-7.770929,110.382213
-7.770935,110.382218
-7.770942,110.382222
-7.770948,110.382226
-7.770955,110.38223
-7.770962,110.382233
-7.770969,110.382236
-7.770976,110.382239
-7.770983,110.382242
-7.77099,110.382244
-7.770997,110.382247
-7.771004,110.382249
-7.771011,110.382251
-7.771018,110.382253
-7.771026,110.382256
-7.771033,110.382258
-7.77104,110.38226
-7.771047,110.382262
-7.771055,110.382264
-7.771062,110.382266
-7.771069,110.382268
-7.771076,110.38227
-7.771083,110.382272
-7.77109,110.382274
-7.771097,110.382276
-7.771104,110.382278
-7.77111,110.382281
-7.771117,110.382283
-7.771123,110.382285
-7.771129,110.382288
-7.771135,110.38229
-7.771141,110.382293
-7.771147,110.382295
-7.771153,110.382298
-7.771158,110.3823
-7.771163,110.382303
-7.771169,110.382305
-7.771174,110.382308
-7.771179,110.38231
-7.771183,110.382313
-7.771188,110.382316
-7.771192,110.382318
-7.771197,110.382321
-7.771201,110.382324
-7.771205,110.382327
-7.771209,110.38233
-7.771213,110.382332
-7.771216,110.382334
-7.77122,110.382336
-7.771223,110.382338
-7.771225,110.38234
-7.771228,110.382342
-7.77123,110.382343
-7.771232,110.382345
-7.771234,110.382346
-7.771236,110.382347
-7.771238,110.382348
-7.77124,110.382349
-7.771242,110.38235
-7.771244,110.382351
-7.771246,110.382351
-7.771248,110.382352
-7.771251,110.382352
-7.771253,110.382353
-7.771255,110.382353
-7.771258,110.382353
-7.77126,110.382353
-7.771263,110.382352
-7.771265,110.382352
-7.771268,110.382351
-7.77127,110.38235
-7.771273,110.382349
-7.771276,110.382347
-7.771278,110.382345
-7.771281,110.382344
-7.771283,110.382342
-7.771285,110.382339
-7.771288,110.382337
-7.771289,110.382334
-7.771291,110.382331
-7.771293,110.382328
-7.771293,110.382325
-7.771294,110.382322
-7.771294,110.382319
-7.771294,110.382317
-7.771294,110.382315
-7.771294,110.382313
-7.771294,110.382311
-7.771293,110.382309
-7.771293,110.382307
-7.771293,110.382306
-7.771293,110.382305
-7.771293,110.382304
-7.771292,110.382303
-7.771292,110.382303
-7.771292,110.382303
-7.771292,110.382302
-7.771292,110.382302
-7.771291,110.382302
-7.771291,110.382302
-7.771291,110.382302
-7.771291,110.382302
-7.771291,110.382302
-7.771291,110.382302
-7.771291,110.382302
-7.771291,110.382303
-7.771291,110.382304
-7.771291,110.382304
-7.771291,110.382306
-7.771291,110.382307
-7.771291,110.382308
-7.771291,110.38231
-7.771291,110.382312
-7.771291,110.382314
-7.771292,110.382316
-7.771292,110.382319
-7.771292,110.382321
-7.771292,110.382323
-7.771293,110.382324
-7.771293,110.382327
-7.771293,110.382329
-7.771293,110.38233
-7.771293,110.382332
-7.771293,110.382333
-7.771293,110.382335
-7.771293,110.382336
-7.771293,110.382338
-7.771293,110.382339
-7.771294,110.38234
-7.771294,110.38234
-7.771294,110.382341
-7.771294,110.382342
-7.771294,110.382342
-7.771294,110.382342
-7.771294,110.382342
-7.771294,110.382342
-7.771294,110.382342
-7.771294,110.382342
-7.771294,110.382342
-7.771294,110.382342
-7.771295,110.382341
-7.771295,110.382341
-7.771295,110.382341
-7.771295,110.382341
-7.771295,110.38234
-7.771294,110.382339
-7.771294,110.382338
-7.771294,110.382338
-7.771293,110.382337
-7.771293,110.382336
-7.771292,110.382334
-7.771291,110.382333
-7.77129,110.382331
-7.771288,110.382329
-7.771287,110.382327
-7.771285,110.382325
-7.771283,110.382323
-7.77128,110.382321
-7.771277,110.382319
-7.771274,110.382318
-7.771271,110.382316
-7.771267,110.382314
-7.771263,110.382312
-7.77126,110.382311
-7.771255,110.382309
-7.771251,110.382308
-7.771246,110.382306
-7.77124,110.382305
-7.771235,110.382303
-7.771229,110.382302
-7.771223,110.382301
-7.771218,110.3823
-7.771212,110.382299
-7.771199,110.382298
-7.771193,110.382297
-7.771186,110.382296
-7.771179,110.382294
-7.771172,110.382293
-7.771165,110.382292
-7.771158,110.382291
-7.771151,110.382289
-7.771144,110.382288
-7.771137,110.382287
-7.77113,110.382285
-7.771123,110.382284
-7.771116,110.382282
-7.771109,110.382281
-7.771102,110.38228
-7.771095,110.382278
-7.771088,110.382276
-7.77108,110.382275
-7.771073,110.382273
-7.771066,110.382271
-7.771059,110.382269
-7.771052,110.382267
-7.771044,110.382264
-7.771037,110.382262
-7.77103,110.382259
-7.771022,110.382257
-7.771015,110.382254
-7.771008,110.382251
-7.771001,110.382248
-7.770994,110.382245
-7.770988,110.382242
-7.770981,110.382239
-7.770975,110.382235
-7.770968,110.382231
-7.770962,110.382227
-7.770956,110.382223
-7.77095,110.382219
-7.770945,110.382214
-7.770939,110.382209
-7.770934,110.382205
-7.770928,110.382199
-7.770923,110.382194
-7.770919,110.382188
-7.770914,110.382182
-7.77091,110.382176
-7.770906,110.38217
-7.770902,110.382164
-7.770898,110.382157
-7.770894,110.382151
-7.770891,110.382144
-7.770887,110.382138
-7.770884,110.38213
-7.770881,110.382123
-7.770878,110.382115
-7.770876,110.382107
-7.770873,110.382099
-7.770871,110.382091
-7.770869,110.382083
-7.770867,110.382074
-7.770864,110.382066
-7.770862,110.382058
-7.77086,110.38205
-7.770859,110.382042
-7.770857,110.382034
-7.770854,110.382026
-7.770852,110.382018
-7.77085,110.382011
-7.770848,110.382003
-7.770846,110.381996
-7.770844,110.381989
-7.770842,110.381981
-7.77084,110.381974
-7.770839,110.381968
-7.770837,110.381961
-7.770835,110.381954
-7.770834,110.381948
-7.770832,110.381941
-7.770831,110.381935
-7.770829,110.381928
-7.770828,110.381922
-7.770826,110.381916
-7.770825,110.38191
-7.770824,110.381904
-7.770822,110.381898
-7.770822,110.381893
-7.77082,110.381886
-7.770819,110.38188
-7.770818,110.381873
-7.770817,110.381866
-7.770815,110.38186
-7.770814,110.381853
-7.770812,110.381847
-7.770811,110.38184
-7.770809,110.381833
-7.770807,110.381825
-7.770805,110.381818
-7.770803,110.381811
-7.770802,110.381803
-7.7708,110.381795
-7.770799,110.381787
-7.770797,110.381779
-7.770795,110.381771
-7.770793,110.381763
-7.770792,110.381755
-7.77079,110.381746
-7.770789,110.381738
-7.770787,110.38173
-7.770785,110.381722
-7.770783,110.381713
-7.770781,110.381705
-7.770779,110.381696
-7.770777,110.381688
-7.770774,110.38168
-7.770772,110.381671
-7.77077,110.381663
-7.770768,110.381654
-7.770767,110.381646
-7.770765,110.381638
-7.770763,110.381629
-7.770761,110.381621
-7.77076,110.381613
-7.770758,110.381606
-7.770757,110.381598
-7.770755,110.381591
-7.770754,110.381585
-7.770752,110.381578
-7.77075,110.381572
-7.770749,110.381566
-7.770748,110.38156
-7.770747,110.381554
-7.770745,110.381548
-7.770745,110.381542
-7.770744,110.381536
-7.770744,110.38153
-7.770743,110.381524
-7.770743,110.381519
-7.770742,110.381513
-7.770742,110.381507
-7.770742,110.381502
-7.770742,110.381496
-7.770743,110.38149
-7.770743,110.381485
-7.770744,110.38148
-7.770744,110.381474
-7.770745,110.381469
-7.770746,110.381464
-7.770747,110.381458
-7.770748,110.381453
-7.77075,110.381448
-7.770752,110.381442
-7.770754,110.381437
-7.770756,110.381432
-7.770759,110.381428
-7.770762,110.381423
-7.770765,110.381418
-7.770768,110.381414
-7.770772,110.38141
-7.770776,110.381406
-7.770781,110.381402
-7.770785,110.381397
-7.77079,110.381394
-7.770795,110.38139
-7.7708,110.381387
-7.770806,110.381383
-7.770812,110.38138
-7.770818,110.381377
-7.770824,110.381374
-7.77083,110.381371
-7.770843,110.381366
-7.770849,110.381363
-7.770856,110.381361
-7.770863,110.381358
-7.770869,110.381356
-7.770876,110.381354
-7.770882,110.381351
-7.770888,110.381349
-7.770894,110.381347
-7.770899,110.381345
-7.770905,110.381344
-7.77091,110.381342
-7.770915,110.38134
-7.770921,110.381338
-7.770926,110.381337
-7.770932,110.381335
-7.770937,110.381334
-7.770943,110.381332
-7.770949,110.38133
-7.770955,110.381328
-7.770961,110.381326
-7.770967,110.381324
-7.770974,110.381323
-7.77098,110.381321
-7.770987,110.381319
-7.771002,110.381315
-7.771009,110.381313
-7.771017,110.381311
-7.771025,110.381308
-7.771033,110.381306
-7.771041,110.381304
-7.771049,110.381302
-7.771058,110.381299
-7.771067,110.381297
-7.771076,110.381294
-7.771085,110.381292
-7.771095,110.38129
-7.771104,110.381288
-7.771114,110.381285
-7.771123,110.381283
-7.771133,110.38128
-7.771143,110.381277
-7.771154,110.381275
-7.771164,110.381272
-7.771175,110.38127
-7.771185,110.381267
-7.771196,110.381265
-7.771207,110.381262
-7.771218,110.381259
-7.771229,110.381257
-7.77124,110.381254
-7.771251,110.381252
-7.771262,110.38125
-7.771273,110.381248
-7.771285,110.381247
-7.771296,110.381245
-7.771308,110.381243
-7.771319,110.381242
-7.771331,110.381241
-7.771343,110.38124
-7.771354,110.38124
-7.771366,110.38124
-7.771379,110.38124
-7.771391,110.38124
-7.771403,110.381241
-7.771415,110.381241
-7.771427,110.381243
-7.77144,110.381244
-7.771452,110.381245
-7.771465,110.381247
-7.771477,110.381249
-7.77149,110.381251
-7.771502,110.381254
-7.771515,110.381256
-7.771527,110.381259
-7.77154,110.381262
-7.771553,110.381265
-7.771565,110.381268
-7.771578,110.381272
-7.771591,110.381275
-7.771603,110.381278
-7.771616,110.381282
-7.771628,110.381285
-7.771641,110.381289
-7.771653,110.381293
-7.771665,110.381297
-7.771677,110.381301
-7.77169,110.381305
-7.771702,110.381309
-7.771713,110.381313
-7.771726,110.381317
-7.771738,110.381321
-7.771749,110.381324
-7.771761,110.381328
-7.771773,110.381331
-7.771785,110.381334
-7.771796,110.381336
-7.771808,110.381339
-7.771819,110.381341
-7.771831,110.381343
-7.771842,110.381344
-7.771853,110.381345
-7.771864,110.381345
-7.771875,110.381345
-7.771886,110.381344
-7.771897,110.381343
-7.771907,110.381342
-7.771918,110.38134
-7.771928,110.381338
-7.771938,110.381335
-7.771948,110.381332
-7.771957,110.381328
-7.771966,110.381324
-7.771975,110.381319
-7.771983,110.381313
-7.771991,110.381307
-7.771998,110.381301
-7.772005,110.381294
-7.772012,110.381287
-7.772018,110.381279
-7.772024,110.381271
-7.772029,110.381263
-7.772034,110.381254
-7.772038,110.381246
-7.772043,110.381236
-7.772047,110.381227
-7.77205,110.381218
-7.772054,110.381208
-7.772057,110.381198
-7.77206,110.381189
-7.772064,110.381179
-7.772067,110.381169
-7.77207,110.381159
-7.772073,110.381149
-7.772077,110.381138
-7.77208,110.381128
-7.772084,110.381118
-7.772087,110.381107
-7.772091,110.381097
-7.772094,110.381086
-7.772098,110.381075
-7.772102,110.381065
-7.772107,110.381054
-7.772111,110.381043
-7.772116,110.381033
-7.772121,110.381022
-7.772126,110.381011
-7.772132,110.381001
-7.772138,110.380991
-7.772144,110.38098
-7.772151,110.38097
-7.772157,110.38096
-7.772164,110.38095
-7.772171,110.380939
-7.772178,110.380929
-7.772186,110.380919
-7.772194,110.38091
-7.772202,110.3809
-7.772209,110.38089
-7.772217,110.380881
-7.772225,110.380871
-7.772234,110.380862
-7.772242,110.380853
-7.77225,110.380844
-7.772259,110.380835
-7.772267,110.380826
-7.772276,110.380818
-7.772285,110.380809
-7.772294,110.380801
-7.772303,110.380792
-7.772312,110.380783
-7.772321,110.380775
-7.772331,110.380767
-7.77234,110.380758
-7.77235,110.38075
-7.772359,110.380741
-7.772369,110.380733
-7.772379,110.380724
-7.772388,110.380715
-7.772398,110.380706
-7.772408,110.380697
-7.772418,110.380688
-7.772427,110.380679
-7.772437,110.38067
-7.772447,110.380661
-7.772457,110.380651
-7.772466,110.380642
-7.772475,110.380632
-7.772484,110.380622
-7.772493,110.380612
-7.772502,110.380601
-7.772511,110.380591
-7.772519,110.38058
-7.772527,110.380569
-7.772535,110.380558
-7.772542,110.380547
-7.772549,110.380535
-7.772555,110.380523
-7.772561,110.38051
-7.772567,110.380498
-7.772573,110.380485
-7.772578,110.380472
-7.772582,110.380459
-7.772586,110.380446
-7.772589,110.380433
-7.772592,110.380419
-7.772594,110.380406
-7.772597,110.380392
-7.772598,110.380379
-7.772599,110.380365
-7.7726,110.380351
-7.772601,110.380338
-7.772602,110.380324
-7.772602,110.380311
-7.772602,110.380297
-7.772602,110.380283
-7.772601,110.38027
-7.772601,110.380256
-7.7726,110.380242
-7.772599,110.380229
-7.772598,110.380215
-7.772597,110.380202
-7.772597,110.380188
-7.772596,110.380174
-7.772594,110.38016
-7.772593,110.380147
-7.772592,110.380133
-7.772591,110.380119
-7.77259,110.380105
-7.772589,110.380092
-7.772588,110.380078
-7.772587,110.380064
-7.772587,110.380051
-7.772587,110.380037
-7.772587,110.380024
-7.772587,110.380011
-7.772587,110.379998
-7.772587,110.379985
-7.772587,110.379972
-7.772588,110.379959
-7.772589,110.379946
-7.77259,110.379933
-7.772591,110.379921
-7.772592,110.379909
-7.772593,110.379897
-7.772595,110.379885
-7.772597,110.379873
-7.772598,110.379861
-7.7726,110.37985
-7.772603,110.379839
-7.772605,110.379829
-7.772608,110.379818
-7.77261,110.379808
-7.772613,110.379799
-7.772616,110.379789
-7.77262,110.37978
-7.772623,110.379771
-7.772627,110.379762
-7.772631,110.379754
-7.772635,110.379746
-7.772639,110.379738
-7.772643,110.379731
-7.772648,110.379723
-7.772652,110.379716
-7.772657,110.37971
-7.772663,110.379703
-7.772668,110.379697
-7.772674,110.379691
-7.772679,110.379686
-7.772685,110.379681
-7.772692,110.379676
-7.772698,110.379672
-7.772704,110.379668
-7.77271,110.379664
-7.772717,110.37966
-7.772724,110.379657
-7.77273,110.379654
-7.772737,110.379652
-7.772744,110.379649
-7.772751,110.379647
-7.772758,110.379645
-7.772765,110.379644
-7.772772,110.379642
-7.772779,110.379641
-7.772787,110.37964
-7.772794,110.379638
-7.772801,110.379637
-7.772809,110.379636
-7.772816,110.379635
-7.772823,110.379635
-7.772831,110.379634
-7.772838,110.379633
-7.772846,110.379632
-7.772854,110.379632
-7.772862,110.379632
-7.772871,110.379632
-7.772879,110.379631
-7.772887,110.379631
-7.772895,110.379631
-7.772903,110.379631
-7.772911,110.379631
-7.77292,110.379631
-7.772928,110.379631
-7.772936,110.379631
-7.772945,110.379631
-7.772953,110.379631
-7.772962,110.37963
-7.772971,110.379631
-7.77298,110.37963
-7.772989,110.37963
-7.772998,110.37963
-7.773007,110.37963
-7.773017,110.37963
-7.773026,110.37963
-7.773036,110.379629
-7.773046,110.379629
-7.773056,110.379629
-7.773066,110.379629
-7.773076,110.379629
-7.773086,110.379629
-7.773096,110.379628
-7.773106,110.379628
-7.773116,110.379628
-7.773127,110.379628
-7.773138,110.379628
-7.773148,110.379628
-7.773159,110.379627
-7.773169,110.379627
-7.77318,110.379627
-7.773191,110.379627
-7.773203,110.379627
-7.773214,110.379627
-7.773225,110.379626
-7.773237,110.379626
-7.773248,110.379625
-7.773259,110.379625
-7.77327,110.379624
-7.773282,110.379624
-7.773293,110.379623
-7.773305,110.379623
-7.773316,110.379622
-7.773327,110.379622
-7.773339,110.379622
-7.77335,110.379622
-7.773361,110.379622
-7.773373,110.379622
-7.773384,110.379622
-7.773395,110.379622
-7.773406,110.379622
-7.773417,110.379622
-7.773428,110.379622
-7.77344,110.379622
-7.773451,110.379621
-7.773462,110.379621
-7.773473,110.379621
-7.773484,110.37962
-7.773495,110.379619
-7.773505,110.379618
-7.773516,110.379617
-7.773526,110.379617
-7.773537,110.379616
-7.773547,110.379615
-7.773556,110.379614
-7.773566,110.379614
-7.773575,110.379613
-7.773583,110.379613
-7.773592,110.379612
-7.773599,110.379612
-7.773607,110.379611
-7.773613,110.379611
-7.77362,110.379611
-7.773626,110.37961
-7.773632,110.37961
-7.773637,110.379609
-7.773641,110.379609
-7.773645,110.379609
-7.77365,110.379609
-7.773654,110.379608
-7.773658,110.379608
-7.773662,110.379607
-7.773666,110.379607
-7.77367,110.379607
-7.773674,110.379607
-7.773678,110.379607
-7.773682,110.379606
-7.773686,110.379606
-7.773691,110.379606
-7.773696,110.379605
-7.773701,110.379605
-7.773706,110.379605
-7.773712,110.379604
-7.773718,110.379604
-7.773724,110.379603
-7.773731,110.379602
-7.773738,110.379602
-7.773745,110.379601
-7.773753,110.379601
-7.773761,110.3796
-7.773769,110.3796
-7.773777,110.379599
-7.773785,110.379599
-7.773794,110.379598
-7.773802,110.379597
-7.773811,110.379597
-7.77382,110.379596
-7.77383,110.379595
-7.77384,110.379594
-7.773849,110.379592
-7.77386,110.379592
-7.77387,110.379591
-7.773881,110.37959
-7.773892,110.379589
-7.773903,110.379588
-7.773915,110.379588
-7.773927,110.379587
-7.773939,110.379586
-7.773951,110.379585
-7.773964,110.379584
-7.773977,110.379583
-7.77399,110.379582
-7.774003,110.379581
-7.774017,110.37958
-7.77403,110.379579
-7.774044,110.379578
-7.774058,110.379577
-7.774072,110.379576
-7.774086,110.379576
-7.774101,110.379575
-7.774115,110.379575
-7.774129,110.379574
-7.774144,110.379574
-7.774158,110.379573
-7.774173,110.379573
-7.774188,110.379572
-7.774202,110.379571
-7.774217,110.379571
-7.774232,110.37957
-7.774247,110.379569
-7.774262,110.379569
-7.774277,110.379568
-7.774292,110.379567
-7.774307,110.379566
-7.774322,110.379565
-7.774337,110.379565
-7.774353,110.379564
-7.774368,110.379563
-7.774384,110.379562
-7.7744,110.379561
-7.774415,110.37956
-7.774431,110.379559
-7.774447,110.379558
-7.774463,110.379557
-7.774479,110.379556
-7.774495,110.379555
-7.774511,110.379554
-7.774527,110.379553
-7.774543,110.379552
-7.774559,110.37955
-7.774575,110.379549
-7.774591,110.379548
-7.774607,110.379546
-7.774623,110.379545
-7.774638,110.379543
-7.774654,110.379542
-7.77467,110.37954
-7.774685,110.379539
-7.774701,110.379537
-7.774716,110.379535
-7.774731,110.379533
-7.774747,110.379531
-7.774762,110.379529
-7.774777,110.379527
-7.774792,110.379525
-7.774806,110.379523
-7.774821,110.379521
-7.774836,110.379518
-7.77485,110.379516
-7.774864,110.379513
-7.774879,110.379511
-7.774893,110.379509
-7.774907,110.379506
-7.774921,110.379504
-7.774935,110.379501
-7.774949,110.379498
-7.774963,110.379496
-7.774976,110.379493
-7.77499,110.37949
-7.775004,110.379488
-7.775017,110.379485
-7.775031,110.379482
-7.775044,110.37948
-7.775057,110.379477
-7.77507,110.379474
-7.775083,110.379471
-7.775095,110.379469
-7.775107,110.379467
-7.775119,110.379464
-7.775131,110.379462
-7.775142,110.379459
-7.775153,110.379458
-7.775164,110.379456
-7.775175,110.379454
-7.775185,110.379452
-7.775195,110.37945
-7.775204,110.379448
-7.775214,110.379446
-7.775222,110.379445
-7.775231,110.379443
-7.77524,110.379441
-7.775248,110.37944
-7.775255,110.379438
-7.775263,110.379437
-7.77527,110.379435
-7.775277,110.379433
-7.775284,110.379432
-7.77529,110.379431
-7.775296,110.37943
-7.775301,110.379428
-7.775306,110.379427
-7.775311,110.379426
-7.775316,110.379425
-7.77532,110.379425
-7.775324,110.379424
-7.775329,110.379423
-7.775332,110.379422
-7.775337,110.379421
-7.775341,110.379421
-7.775345,110.37942
-7.77535,110.379419
-7.775354,110.379418
-7.775358,110.379417
-7.775363,110.379416
-7.775367,110.379415
-7.775372,110.379414
-7.775377,110.379413
-7.775382,110.379412
-7.775387,110.379411
-7.775393,110.37941
-7.775399,110.379409
-7.775406,110.379407
-7.775413,110.379406
-7.775419,110.379405
-7.775426,110.379403
-7.775433,110.379402
-7.775441,110.3794
-7.775448,110.379399
-7.775455,110.379397
-7.775462,110.379395
-7.77547,110.379393
-7.775477,110.379391
-7.775485,110.37939
-7.775492,110.379387
-7.7755,110.379385
-7.775507,110.379382
-7.775514,110.379379
-7.775522,110.379376
-7.775529,110.379373
-7.775535,110.379368
-7.775542,110.379364
-7.775548,110.379358
-7.775554,110.379353
-7.775559,110.379347
-7.775563,110.379341
-7.775567,110.379334
-7.775571,110.379327
-7.775573,110.37932
-7.775575,110.379312
-7.775577,110.379305
-7.775578,110.379297
-7.77558,110.379289
-7.77558,110.379281
-7.775581,110.379273
-7.775581,110.379265
-7.775581,110.379257
-7.77558,110.379249
-7.77558,110.379241
-7.77558,110.379232
-7.77558,110.379224
-7.775579,110.379215
-7.775579,110.379206
-7.775578,110.379198
-7.775578,110.379189
-7.775577,110.37918
-7.775576,110.379171
-7.775576,110.379162
-7.775575,110.379153
-7.775575,110.379143
-7.775574,110.379134
-7.775574,110.379125
-7.775573,110.379117
-7.775572,110.379108
-7.775571,110.3791
-7.775571,110.379092
-7.77557,110.379084
-7.77557,110.379076
-7.775569,110.379069
-7.775569,110.379062
-7.775568,110.379056
-7.775568,110.379049
-7.775567,110.379044
-7.775567,110.379038
-7.775566,110.379033
-7.775566,110.379029
-7.775565,110.379024
-7.775565,110.37902
-7.775565,110.379017
-7.775565,110.379013
-7.775564,110.379008
-7.775564,110.379004
-7.775563,110.379001
-7.775563,110.378997
-7.775563,110.378993
-7.775563,110.378989
-7.775562,110.378985
-7.775562,110.378981
-7.775562,110.378976
-7.775561,110.378972
-7.775561,110.378967
-7.775561,110.378962
-7.77556,110.378957
-7.77556,110.378951
-7.775559,110.378946
-7.775558,110.37894
-7.775557,110.378934
-7.775556,110.378928
-7.775555,110.378922
-7.775553,110.378916
-7.775551,110.378909
-7.775549,110.378903
-7.775547,110.378898
-7.775544,110.378892
-7.775541,110.378886
-7.775537,110.378881
-7.775534,110.378875
-7.77553,110.37887
-7.775526,110.378865
-7.775521,110.37886
-7.775516,110.378856
-7.775511,110.378852
-7.775505,110.378848
-7.775499,110.378845
-7.775493,110.378842
-7.775486,110.378839
-7.775479,110.378837
-7.775472,110.378835
-7.775465,110.378834
-7.775458,110.378833
-7.77545,110.378832
-7.775442,110.378831
-7.775434,110.378831
-7.775426,110.37883
-7.775417,110.37883
-7.775408,110.37883
-7.775399,110.37883
-7.77539,110.37883
-7.775381,110.37883
-7.775371,110.378831
-7.775362,110.378831
-7.775352,110.378832
-7.775342,110.378833
-7.775332,110.378834
-7.775322,110.378835
-7.775311,110.378836
-7.775301,110.378837
-7.77529,110.378837
-7.775279,110.378838
-7.775268,110.378839
-7.775257,110.37884
-7.775246,110.378842
-7.775234,110.378843
-7.775223,110.378844
-7.775212,110.378845
-7.7752,110.378847
-7.775189,110.378848
-7.775178,110.378849
-7.775167,110.378851
-7.775156,110.378852
-7.775145,110.378854
-7.775134,110.378855
-7.775123,110.378857
-7.775112,110.378858
-7.775101,110.37886
-7.77509,110.378861
-7.775078,110.378863
-7.775067,110.378864
-7.775056,110.378866
-7.775045,110.378868
-7.775033,110.37887
-7.775023,110.378872
-7.775011,110.378874
-7.775,110.378876
-7.774989,110.378878
-7.774978,110.37888
-7.774967,110.378882
-7.774956,110.378884
-7.774945,110.378886
-7.774934,110.378888
-7.774923,110.37889
-7.774912,110.378892
-7.774901,110.378894
-7.774889,110.378896
-7.774878,110.378898
-7.774868,110.378899
-7.774857,110.3789
-7.774846,110.378901
-7.774835,110.378903
-7.774824,110.378904
-7.774813,110.378906
-7.774801,110.378907
-7.77479,110.378909
-7.774779,110.378911
-7.774768,110.378912
-7.774757,110.378913
-7.774745,110.378915
-7.774734,110.378916
-7.774723,110.378918
-7.774712,110.378919
-7.774701,110.378921
-7.77469,110.378922
-7.774679,110.378923
-7.774669,110.378924
-7.774658,110.378925
-7.774647,110.378926
-7.774636,110.378927
-7.774625,110.378927
-7.774614,110.378928
-7.774604,110.378929
-7.774593,110.37893
-7.774582,110.37893
-7.774572,110.378931
-7.774561,110.378932
-7.774551,110.378933
-7.77454,110.378934
-7.77453,110.378934
-7.774519,110.378935
-7.774509,110.378936
-7.774499,110.378937
-7.774489,110.378938
-7.77448,110.378938
-7.77447,110.378939
-7.774461,110.37894
-7.774452,110.378941
-7.774443,110.378941
-7.774435,110.378942
-7.774427,110.378942
-7.77442,110.378943
-7.774413,110.378943
-7.774406,110.378944
-7.774399,110.378944
-7.774393,110.378945
-7.774388,110.378946
-7.774382,110.378946
-7.774377,110.378947
-7.774372,110.378948
-7.774367,110.378948
-7.774363,110.378949
-7.774359,110.378949
-7.774355,110.378949
-7.774352,110.37895
-7.774349,110.37895
-7.774346,110.378951
-7.774344,110.378951
-7.774341,110.378951
-7.774339,110.378951
-7.774337,110.378951
-7.774335,110.378951
-7.774332,110.378951
-7.77433,110.378951
-7.774328,110.378952
-7.774326,110.378952
-7.774323,110.378952
-7.774321,110.378953
-7.774318,110.378953
-7.774315,110.378953
-7.774313,110.378953
-7.77431,110.378954
-7.774306,110.378954
-7.774303,110.378955
-7.774299,110.378955
-7.774295,110.378955
-7.77429,110.378956
-7.774286,110.378956
-7.774281,110.378957
-7.774276,110.378957
-7.77427,110.378958
-7.774265,110.378959
-7.774259,110.37896
-7.774253,110.378961
-7.774246,110.378961
-7.77424,110.378963
-7.774233,110.378964
-7.774226,110.378965
-7.77422,110.378966
-7.774213,110.378967
-7.774205,110.378968
-7.774198,110.378969
-7.774191,110.37897
-7.774183,110.378971
-7.774176,110.378973
-7.774168,110.378974
-7.774161,110.378975
-7.774153,110.378976
-7.774145,110.378977
-7.774138,110.378979
-7.77413,110.37898
-7.774121,110.378981
-7.774113,110.378982
-7.774104,110.378983
-7.774096,110.378984
-7.774086,110.378985
-7.774077,110.378985
-7.774068,110.378986
-7.774058,110.378987
-7.774049,110.378988
-7.774039,110.378989
-7.774029,110.37899
-7.77402,110.378991
-7.77401,110.378992
-7.774,110.378994
-7.77399,110.378995
-7.773979,110.378996
-7.773969,110.378998
-7.773959,110.379
-7.773949,110.379001
-7.773939,110.379003
-7.773928,110.379004
-7.773918,110.379006
-7.773907,110.379008
-7.773896,110.379009
-7.773885,110.379011
-7.773874,110.379013
-7.773864,110.379014
-7.773853,110.379016
-7.773843,110.379018
-7.773832,110.37902
-7.773822,110.379022
-7.773811,110.379024
-7.773801,110.379026
-7.77379,110.379028
-7.773779,110.37903
-7.773768,110.379032
-7.773757,110.379034
-7.773746,110.379036
-7.773735,110.379039
-7.773724,110.379041
-7.773713,110.379043
-7.773702,110.379045
-7.773691,110.379047
-7.77368,110.379048
-7.773669,110.379049
-7.773658,110.379051
-7.773647,110.379052
-7.773636,110.379053
-7.773625,110.379053
-7.773615,110.379054
-7.773605,110.379054
-7.773594,110.379054
-7.773584,110.379054
-7.773574,110.379053
-7.773565,110.379052
-7.773555,110.379051
-7.773546,110.37905
-7.773537,110.379049
-7.773528,110.379048
-7.773519,110.379046
-7.773511,110.379045
-7.773503,110.379043
-7.773495,110.379042
-7.773488,110.37904
-7.773481,110.379038
-7.773474,110.379036
-7.773467,110.379034
-7.77346,110.379031
-7.773453,110.379028
-7.773447,110.379025
-7.773441,110.379022
-7.773434,110.379019
-7.773429,110.379016
-7.773423,110.379012
-7.773418,110.379008
-7.773412,110.379004
-7.773407,110.378999
-7.773402,110.378994
-7.773397,110.378989
-7.773392,110.378983
-7.773388,110.378978
-7.773384,110.378972
-7.77338,110.378966
-7.773377,110.37896
-7.773373,110.378953
-7.77337,110.378946
-7.773368,110.378938
-7.773365,110.37893
-7.773363,110.378923
-7.773361,110.378914
-7.773359,110.378906
-7.773357,110.378897
-7.773355,110.378888
-7.773354,110.378879
-7.773352,110.378869
-7.773351,110.37886
-7.773349,110.37885
-7.773348,110.378841
-7.773347,110.37883
-7.773346,110.37882
-7.773345,110.378811
-7.773344,110.378801
-7.773343,110.378791
-7.773342,110.378781
-7.773341,110.378772
-7.773341,110.378762
-7.77334,110.378752
-7.77334,110.378743
-7.773341,110.378733
-7.773341,110.378724
-7.773343,110.378715
-7.773345,110.378706
-7.773347,110.378697
-7.77335,110.378689
-7.773353,110.378681
-7.773357,110.378673
-7.773362,110.378666
-7.773366,110.378658
-7.773371,110.378652
-7.773377,110.378645
-7.773383,110.378639
-7.773389,110.378634
-7.773396,110.378629
-7.773403,110.378624
-7.77341,110.378619
-7.773417,110.378615
-7.773425,110.378612
-7.773432,110.378609
-7.773439,110.378606
-7.773447,110.378605
-7.773455,110.378603
-7.773463,110.378602
-7.773471,110.378601
-7.773479,110.378599
-7.773487,110.378598
-7.773495,110.378596
-7.773503,110.378594
-7.773512,110.378592
-7.77352,110.37859
-7.773529,110.378588
-7.773537,110.378585
-7.773546,110.378583
-7.773555,110.378581
-7.773564,110.378578
-7.773572,110.378576
-7.773581,110.378574
-7.77359,110.378571
-7.773599,110.378568
-7.773608,110.378566
-7.773617,110.378563
-7.773626,110.37856
-7.773635,110.378558
-7.773645,110.378555
-7.773654,110.378552
-7.773663,110.378549
-7.773672,110.378547
-7.773682,110.378544
-7.773691,110.378541
-7.7737,110.378538
-7.77371,110.378535
-7.773719,110.378532
-7.773729,110.378529
-7.773738,110.378526
-7.773748,110.378524
-7.773757,110.378521
-7.773766,110.378518
-7.773775,110.378515
-7.773785,110.378513
-7.773794,110.37851
-7.773803,110.378507
-7.773813,110.378504
-7.773822,110.378502
-7.773831,110.378499
-7.77384,110.378496
-7.773848,110.378493
-7.773857,110.37849
-7.773866,110.378487
-7.773875,110.378485
-7.773883,110.378482
-7.773891,110.37848
-7.773899,110.378478
-7.773907,110.378475
-7.773915,110.378473
-7.773923,110.378471
-7.773931,110.378468
-7.773938,110.378466
-7.773946,110.378464
-7.773953,110.378462
-7.773961,110.378459
-7.773968,110.378457
-7.773976,110.378454
-7.773984,110.378452
-7.773991,110.378449
-7.774,110.378447
-7.774008,110.378444
-7.774016,110.378442
-7.774024,110.378439
-7.774032,110.378436
-7.77404,110.378434
-7.774048,110.378431
-7.774057,110.378428
-7.774065,110.378425
-7.774074,110.378423
-7.774082,110.37842
-7.77409,110.378418
-7.774098,110.378415
-7.774106,110.378412
-7.774114,110.37841
-7.774123,110.378407
-7.774131,110.378405
-7.774138,110.378402
-7.774146,110.378399
-7.774154,110.378396
-7.774161,110.378394
-7.774168,110.378392
-7.774175,110.378389
-7.774182,110.378387
-7.774188,110.378385
-7.774194,110.378383
-7.7742,110.378381
-7.774205,110.378379
-7.77421,110.378377
-7.774214,110.378376
-7.774218,110.378375
-7.774222,110.378373
-7.774226,110.378372
-7.77423,110.378371
-7.774233,110.37837
-7.774236,110.378369
-7.774239,110.378368
-7.774242,110.378367
-7.774244,110.378367
-7.774247,110.378366
-7.774251,110.378365
-7.774254,110.378364
-7.774257,110.378363
-7.77426,110.378362
-7.774263,110.378361
-7.774267,110.37836
-7.77427,110.378359
-7.774273,110.378357
-7.774277,110.378356
-7.77428,110.378355
-7.774284,110.378354
-7.774288,110.378352
-7.774292,110.378351
-7.774296,110.37835
-7.774301,110.378348
-7.774306,110.378347
-7.774311,110.378345
-7.774316,110.378343
-7.774321,110.378341
-7.774327,110.378339
-7.774333,110.378337
-7.774339,110.378335
-7.774345,110.378333
-7.774351,110.378331
-7.774357,110.378329
-7.774363,110.378327
-7.774369,110.378325
-7.774375,110.378323
-7.774381,110.37832
-7.774388,110.378318
-7.774394,110.378315
-7.774401,110.378313
-7.774407,110.378311
-7.774413,110.378308
-7.774419,110.378306
-7.774426,110.378303
-7.774433,110.3783
-7.774439,110.378298
-7.774446,110.378295
-7.774453,110.378293
-7.77446,110.37829
-7.774468,110.378288
-7.774475,110.378286
-7.774483,110.378284
-7.77449,110.378282
-7.774497,110.37828
-7.774505,110.378278
-7.774512,110.378276
-7.774519,110.378273
-7.774526,110.378271
-7.774533,110.378269
-7.77454,110.378267
-7.774546,110.378266
-7.774553,110.378264
-7.774559,110.378262
-7.774565,110.37826
-7.774571,110.378258
-7.774576,110.378257
-7.774581,110.378255
-7.774587,110.378254
-7.774591,110.378252
-7.774596,110.378251
-7.7746,110.37825
-7.774605,110.378249
-7.774609,110.378248
-7.774613,110.378246
-7.774616,110.378245
-7.77462,110.378244
-7.774624,110.378243
-7.774627,110.378242
-7.774631,110.378241
-7.774634,110.37824
-7.774638,110.378239
-7.774641,110.378238
-7.774645,110.378237
-7.774648,110.378236
-7.774652,110.378234
-7.774655,110.378233
-7.774659,110.378232
-7.774662,110.378231
-7.774665,110.37823
-7.774669,110.378229
-7.774672,110.378228
-7.774675,110.378227
-7.774679,110.378226
-7.774682,110.378225
-7.774685,110.378224
-7.774688,110.378223
-7.774691,110.378222
-7.774694,110.378221
-7.774697,110.37822
-7.774701,110.378219
-7.774704,110.378218
-7.774707,110.378216
-7.774711,110.378215
-7.774714,110.378214
-7.774718,110.378213
-7.774722,110.378212
-7.774725,110.37821
-7.774729,110.378209
-7.774732,110.378207
-7.774736,110.378206
-7.77474,110.378205
-7.774743,110.378204
-7.774747,110.378203
-7.774751,110.378201
-7.774755,110.3782
-7.774759,110.378198
-7.774763,110.378197
-7.774768,110.378196
-7.774772,110.378194
-7.774777,110.378193
-7.774782,110.378192
-7.774787,110.37819
-7.774793,110.378189
-7.774799,110.378188
-7.774805,110.378187
-7.774811,110.378186
-7.774817,110.378184
-7.774824,110.378184
-7.774831,110.378183
-7.774838,110.378182
-7.774845,110.378181
-7.774852,110.378181
-7.774859,110.37818
-7.774867,110.37818
-7.774874,110.378179
-7.774881,110.378178
-7.774889,110.378178
-7.774896,110.378177
-7.774904,110.378175
-7.774911,110.378174
-7.774919,110.378173
-7.774927,110.378172
-7.774934,110.378171
-7.774942,110.378169
-7.77495,110.378168
-7.774957,110.378166
-7.774965,110.378164
-7.774973,110.378162
-7.774981,110.37816
-7.774989,110.378158
-7.774997,110.378156
-7.775005,110.378154
-7.775013,110.378152
-7.775021,110.378149
-7.77503,110.378146
-7.775038,110.378143
-7.775047,110.37814
-7.775055,110.378137
-7.775064,110.378134
-7.775073,110.378131
-7.775082,110.378129
-7.775091,110.378125
-7.7751,110.378122
-7.775109,110.378119
-7.775118,110.378116
-7.775127,110.378113
-7.775136,110.37811
-7.775145,110.378106
-7.775153,110.378103
-7.775162,110.3781
-7.775172,110.378096
-7.77518,110.378093
-7.775189,110.37809
-7.775198,110.378087
-7.775206,110.378084
-7.775215,110.378081
-7.775223,110.378078
-7.775231,110.378076
-7.77524,110.378073
-7.775248,110.37807
-7.775255,110.378067
-7.775263,110.378064
-7.775271,110.378062
-7.775278,110.378059
-7.775286,110.378056
-7.775294,110.378053
-7.775301,110.378051
-7.775309,110.378048
-7.775316,110.378045
-7.775323,110.378043
-7.77533,110.37804
-7.775337,110.378038
-7.775343,110.378036
-7.775349,110.378033
-7.775356,110.378031
-7.775361,110.378028
-7.775367,110.378026
-7.775372,110.378024
-7.775376,110.378024
-7.775381,110.378022
-7.775385,110.37802
-7.77539,110.378018
-7.775394,110.378016
-7.775397,110.378014
-7.775401,110.378012
-7.775405,110.37801
-7.775408,110.378008
-7.775412,110.378007
-7.775415,110.378006
-7.775418,110.378004
-7.775421,110.378003
-7.775424,110.378002
-7.775427,110.378
-7.77543,110.377999
-7.775433,110.377998
-7.775435,110.377996
-7.775438,110.377995
-7.77544,110.377994
-7.775442,110.377992
-7.775444,110.37799
-7.775447,110.377988
-7.775449,110.377985
-7.775451,110.377983
-7.775453,110.377981
-7.775455,110.377979
-7.775458,110.377976
-7.77546,110.377973
-7.775462,110.37797
-7.775464,110.377967
-7.775466,110.377964
-7.775468,110.37796
-7.775471,110.377957
-7.775473,110.377953
-7.775475,110.377949
-7.775477,110.377945
-7.775479,110.37794
-7.775481,110.377936
-7.775483,110.377931
-7.775485,110.377926
-7.775487,110.377921
-7.775488,110.377915
-7.77549,110.37791
-7.775491,110.377905
-7.775492,110.377899
-7.775494,110.377894
-7.775495,110.377888
-7.775495,110.377883
-7.775496,110.377877
-7.775497,110.377872
-7.775497,110.377868
-7.775498,110.377863
-7.775498,110.377858
-7.775498,110.377854
-7.775498,110.37785
-7.775498,110.377846
-7.775498,110.377842
-7.775498,110.377839
-7.775498,110.377836
-7.775498,110.377833
-7.775498,110.37783
-7.775498,110.377827
-7.775498,110.377824
-7.775498,110.377821
-7.775498,110.377818
-7.775498,110.377815
-7.775498,110.377812
-7.775498,110.377808
-7.775497,110.377804
-7.775497,110.377801
-7.775497,110.377796
-7.775496,110.377791
-7.775496,110.377786
-7.775495,110.377782
-7.775495,110.377777
-7.775495,110.377772
-7.775494,110.377766
-7.775494,110.37776
-7.775493,110.377754
-7.775492,110.377747
-7.775492,110.37774
-7.775491,110.377733
-7.775491,110.377726
-7.77549,110.377719
-7.775489,110.377711
-7.775489,110.377703
-7.775488,110.377695
-7.775487,110.377687
-7.775486,110.377679
-7.775485,110.37767
-7.775484,110.377662
-7.775483,110.377654
-7.775481,110.377645
-7.77548,110.377637
-7.775478,110.377628
-7.775477,110.377619
-7.775475,110.377609
-7.775474,110.3776
-7.775472,110.377591
-7.77547,110.377582
-7.775468,110.377573
-7.775466,110.377563
-7.775463,110.377554
-7.775461,110.377545
-7.775459,110.377536
-7.775457,110.377527
-7.775454,110.377519
-7.775451,110.377511
-7.775448,110.377503
-7.775444,110.377494
-7.775441,110.377486
-7.775437,110.377478
-7.775433,110.37747
-7.775429,110.377462
-7.775424,110.377454
-7.775419,110.377447
-7.775414,110.37744
-7.775408,110.377434
-7.775402,110.377427
-7.775395,110.377422
-7.775389,110.377416
-7.775382,110.377411
-7.775374,110.377406
-7.775367,110.377401
-7.775359,110.377397
-7.775351,110.377393
-7.775343,110.37739
-7.775335,110.377387
-7.775326,110.377385
-7.775318,110.377382
-7.775309,110.37738
-7.775301,110.377378
-7.775292,110.377378
-7.775283,110.377377
-7.775274,110.377376
-7.775265,110.377376
-7.775256,110.377376
-7.775248,110.377376
-7.775239,110.377377
-7.77523,110.377378
-7.775221,110.377378
-7.775212,110.377379
-7.775203,110.377381
-7.775193,110.377382
-7.775184,110.377384
-7.775175,110.377386
-7.775165,110.377388
-7.775156,110.37739
-7.775147,110.377392
-7.775137,110.377395
-7.775127,110.377397
-7.775118,110.377399
-7.775109,110.377401
-7.775099,110.377403
-7.77509,110.377406
-7.775081,110.377409
-7.775072,110.377411
-7.775064,110.377414
-7.775056,110.377416
-7.775048,110.377418
-7.77504,110.377421
-7.775032,110.377423
-7.775025,110.377425
-7.775018,110.377427
-7.775012,110.377429
-7.775006,110.377431
-7.775,110.377432
-7.774994,110.377434
-7.774989,110.377435
-7.774984,110.377437
-7.774979,110.377438
-7.774975,110.37744
-7.77497,110.377441
-7.774965,110.377443
-7.774961,110.377444
-7.774956,110.377445
-7.774951,110.377447
-7.774947,110.377448
-7.774942,110.37745
-7.774937,110.377451
-7.774932,110.377453
-7.774927,110.377454
-7.774921,110.377456
-7.774916,110.377458
-7.77491,110.377459
-7.774903,110.377461
-7.774897,110.377463
-7.77489,110.377465
-7.774883,110.377467
-7.774876,110.377469
-7.774869,110.377471
-7.774861,110.377473
-7.774854,110.377476
-7.774847,110.377478
-7.774839,110.37748
-7.774832,110.377482
-7.774824,110.377485
-7.774816,110.377487
-7.774808,110.37749
-7.7748,110.377493
-7.774791,110.377495
-7.774783,110.377498
-7.774774,110.377501
-7.774765,110.377504
-7.774756,110.377507
-7.774747,110.37751
-7.774738,110.377512
-7.774729,110.377515
-7.774719,110.377518
-7.774709,110.377521
-7.7747,110.377523
-7.77469,110.377527
-7.77468,110.37753
-7.77467,110.377533
-7.77466,110.377536
-7.77465,110.377539
-7.774639,110.377543
-7.774629,110.377546
-7.774619,110.377548
-7.774608,110.377551
-7.774598,110.377554
-7.774588,110.377557
-7.774578,110.37756
-7.774568,110.377564
-7.774557,110.377566
-7.774547,110.377569
-7.774537,110.377572
-7.774527,110.377574
-7.774516,110.377577
-7.774506,110.377579
-7.774496,110.377582
-7.774486,110.377584
-7.774476,110.377587
-7.774466,110.377589
-7.774455,110.377591
-7.774445,110.377593
-7.774435,110.377596
-7.774425,110.377598
-7.774414,110.3776
-7.774404,110.377602
-7.774394,110.377604
-7.774383,110.377606
-7.774373,110.377608
-7.774362,110.37761
-7.774352,110.377612
-7.774342,110.377614
-7.774331,110.377617
-7.774321,110.377619
-7.77431,110.377622
-7.7743,110.377624
-7.774289,110.377627
-7.774279,110.377629
-7.774268,110.377632
-7.774258,110.377635
-7.774247,110.377638
-7.774237,110.377641
-7.774226,110.377644
-7.774216,110.377647
-7.774205,110.377651
-7.774195,110.377654
-7.774184,110.377658
-7.774173,110.377662
-7.774163,110.377666
-7.774153,110.37767
-7.774142,110.377674
-7.774132,110.377678
-7.774121,110.377682
-7.774111,110.377686
-7.7741,110.37769
-7.77409,110.377693
-7.774079,110.377697
-7.774068,110.377701
-7.774057,110.377705
-7.774047,110.377709
-7.774036,110.377713
-7.774025,110.377717
-7.774014,110.37772
-7.774004,110.377724
-7.773993,110.377727
-7.773982,110.377731
-7.773971,110.377734
-7.77396,110.377738
-7.773949,110.377742
-7.773937,110.377746
-7.773926,110.37775
-7.773915,110.377753
-7.773903,110.377757
-7.773892,110.377761
-7.77388,110.377765
-7.773869,110.377769
-7.773858,110.377773
-7.773846,110.377777
-7.773835,110.377781
-7.773823,110.377785
-7.773811,110.377789
-7.773799,110.377793
-7.773788,110.377797
-7.773776,110.377801
-7.773764,110.377805
-7.773752,110.377809
-7.77374,110.377812
-7.773729,110.377816
-7.773717,110.37782
-7.773705,110.377824
-7.773693,110.377828
-7.773681,110.377832
-7.773669,110.377835
-7.773657,110.377839
-7.773645,110.377843
-7.773633,110.377847
-7.77362,110.377851
-7.773608,110.377855
-7.773596,110.377858
-7.773583,110.377862
-7.773571,110.377866
-7.773559,110.37787
-7.773546,110.377873
-7.773534,110.377877
-7.773521,110.377881
-7.773508,110.377884
-7.773496,110.377888
-7.773483,110.377891
-7.77347,110.377895
-7.773458,110.377898
-7.773445,110.377902
-7.773432,110.377905
-7.77342,110.377908
-7.773408,110.377912
-7.773395,110.377915
-7.773383,110.377919
-7.773371,110.377922
-7.773358,110.377925
-7.773347,110.377929
-7.773335,110.377932
-7.773323,110.377935
-7.773311,110.377938
-7.7733,110.377942
-7.773288,110.377945
-7.773277,110.377948
-7.773266,110.377952
-7.773254,110.377955
-7.773243,110.377958
-7.773232,110.37796
-7.773221,110.377964
-7.773211,110.377967
-7.7732,110.37797
-7.773189,110.377973
-7.773178,110.377976
-7.773168,110.37798
-7.773157,110.377983
-7.773146,110.377986
-7.773136,110.377989
-7.773125,110.377992
-7.773114,110.377995
-7.773104,110.377998
-7.773093,110.378001
-7.773082,110.378004
-7.773071,110.378007
-7.77306,110.37801
-7.773049,110.378013
-7.773038,110.378016
-7.773027,110.37802
-7.773016,110.378023
-7.773005,110.378027
-7.772994,110.37803
-7.772983,110.378034
-7.772972,110.378037
-7.772961,110.378041
-7.77295,110.378044
-7.772938,110.378048
-7.772927,110.378051
-7.772916,110.378054
-7.772905,110.378058
-7.772893,110.378062
-7.772882,110.378065
-7.772871,110.378068
-7.77286,110.378072
-7.772849,110.378076
-7.772837,110.378079
-7.772826,110.378082
-7.772815,110.378085
-7.772804,110.378089
-7.772793,110.378092
-7.772782,110.378095
-7.772771,110.378099
-7.77276,110.378103
-7.772749,110.378106
-7.772738,110.37811
-7.772727,110.378113
-7.772717,110.378117
-7.772706,110.37812
-7.772695,110.378123
-7.772685,110.378127
-7.772674,110.37813
-7.772664,110.378134
-7.772654,110.378137
-7.772644,110.37814
-7.772634,110.378143
-7.772623,110.378146
-7.772613,110.378148
-7.772604,110.378151
-7.772594,110.378154
-7.772584,110.378157
-7.772575,110.37816
-7.772565,110.378162
-7.772556,110.378165
-7.772548,110.378168
-7.772539,110.37817
-7.772531,110.378173
-7.772523,110.378175
-7.772516,110.378177
-7.772509,110.378179
-7.772502,110.37818
-7.772495,110.378181
-7.772488,110.378182
-7.772481,110.378183
-7.772475,110.378184
-7.772468,110.378184
-7.772462,110.378185
-7.772455,110.378185
-7.772449,110.378185
-7.772442,110.378184
-7.772436,110.378183
-7.772429,110.378183
-7.772423,110.378182
-7.772416,110.378181
-7.77241,110.378179
-7.772404,110.378177
-7.772397,110.378175
-7.772391,110.378173
-7.772385,110.37817
-7.772378,110.378168
-7.772372,110.378164
-7.772366,110.378161
-7.77236,110.378157
-7.772354,110.378153
-7.772348,110.378148
-7.772342,110.378143
-7.772337,110.378138
-7.772331,110.378132
-7.772326,110.378126
-7.772321,110.37812
-7.772317,110.378114
-7.772312,110.378107
-7.772308,110.3781
-7.772304,110.378093
-7.7723,110.378085
-7.772296,110.378077
-7.772293,110.378069
-7.772289,110.378061
-7.772286,110.378053
-7.772283,110.378044
-7.77228,110.378035
-7.772277,110.378026
-7.772274,110.378017
-7.772271,110.378007
-7.772268,110.377998
-7.772265,110.377988
-7.772263,110.377978
-7.77226,110.377968
-7.772258,110.377958
-7.772255,110.377948
-7.772252,110.377938
-7.77225,110.377928
-7.772247,110.377917
-7.772244,110.377907
-7.772242,110.377896
-7.772239,110.377885
-7.772236,110.377875
-7.772232,110.377864
-7.772229,110.377853
-7.772226,110.377841
-7.772222,110.37783
-7.772219,110.377819
-7.772216,110.377808
-7.772212,110.377797
-7.772209,110.377786
-7.772206,110.377776
-7.772203,110.377765
-7.7722,110.377754
-7.772197,110.377744
-7.772194,110.377733
-7.772191,110.377723
-7.772189,110.377713
-7.772186,110.377703
-7.772183,110.377693
-7.772181,110.377684
-7.772178,110.377674
-7.772175,110.377664
-7.772172,110.377655
-7.77217,110.377646
-7.772168,110.377636
-7.772165,110.377627
-7.772163,110.377618
-7.772161,110.377609
-7.772159,110.3776
-7.772156,110.377591
-7.772154,110.377582
-7.772153,110.377573
-7.772151,110.377564
-7.77215,110.377556
-7.772149,110.377547
-7.772148,110.377538
-7.772147,110.377529
-7.772146,110.37752
-7.772146,110.377512
-7.772146,110.377503
-7.772146,110.377494
-7.772147,110.377486
-7.772148,110.377477
-7.77215,110.377468
-7.772152,110.37746
-7.772154,110.377451
-7.772156,110.377443
-7.772159,110.377435
-7.772163,110.377427
-7.772166,110.377419
-7.77217,110.377411
-7.772175,110.377404
-7.772179,110.377397
-7.772184,110.377389
-7.77219,110.377382
-7.772195,110.377375
-7.772201,110.377368
-7.772207,110.377362
-7.772214,110.377356
-7.772221,110.37735
-7.772228,110.377344
-7.772235,110.377339
-7.772243,110.377333
-7.772251,110.377329
-7.772259,110.377324
-7.772268,110.37732
-7.772277,110.377315
-7.772286,110.377311
-7.772296,110.377308
-7.772306,110.377304
-7.772316,110.377301
-7.772327,110.377297
-7.772337,110.377294
-7.772349,110.377291
-7.77236,110.377287
-7.772371,110.377284
-7.772383,110.377281
-7.772395,110.377278
-7.772407,110.377274
-7.77242,110.377271
-7.772433,110.377267
-7.772446,110.377264
-7.772459,110.37726
-7.772472,110.377257
-7.772486,110.377253
-7.772499,110.377249
-7.772513,110.377246
-7.772527,110.377242
-7.772541,110.377238
-7.772556,110.377235
-7.77257,110.377231
-7.772585,110.377227
-7.772599,110.377223
-7.772614,110.377219
-7.772629,110.377215
-7.772644,110.377211
-7.772659,110.377207
-7.772674,110.377202
-7.772689,110.377198
-7.772705,110.377194
-7.772721,110.37719
-7.772737,110.377186
-7.772753,110.377182
-7.772769,110.377177
-7.772785,110.377173
-7.772801,110.377169
-7.772816,110.377164
-7.772832,110.37716
-7.772848,110.377155
-7.772863,110.377151
-7.772879,110.377146
-7.772894,110.377142
-7.77291,110.377137
-7.772925,110.377132
-7.772941,110.377128
-7.772956,110.377123
-7.772972,110.377119
-7.772987,110.377114
-7.773003,110.377109
-7.773019,110.377105
-7.773035,110.3771
-7.773051,110.377096
-7.773067,110.377091
-7.773083,110.377086
-7.773099,110.377081
-7.773115,110.377077
-7.773131,110.377072
-7.773148,110.377067
-7.773164,110.377062
-7.773181,110.377057
-7.773197,110.377052
-7.773214,110.377047
-7.77323,110.377043
-7.773247,110.377038
-7.773263,110.377033
-7.77328,110.377028
-7.773297,110.377023
-7.773313,110.377018
-7.77333,110.377013
-7.773346,110.377008
-7.773363,110.377004
-7.773379,110.376999
-7.773396,110.376994
-7.773412,110.37699
-7.773428,110.376985
-7.773444,110.37698
-7.77346,110.376976
-7.773477,110.376971
-7.773493,110.376966
-7.773509,110.376961
-7.773525,110.376957
-7.773541,110.376952
-7.773557,110.376947
-7.773573,110.376943
-7.773589,110.376938
-7.773605,110.376934
-7.773621,110.376929
-7.773637,110.376924
-7.773654,110.37692
-7.77367,110.376915
-7.773686,110.376911
-7.773702,110.376906
-7.773718,110.376902
-7.773734,110.376897
-7.77375,110.376892
-7.773765,110.376888
-7.773781,110.376883
-7.773797,110.376878
-7.773813,110.376874
-7.773829,110.376869
-7.773845,110.376864
-7.77386,110.37686
-7.773876,110.376855
-7.773892,110.37685
-7.773908,110.376845
-7.773924,110.37684
-7.773939,110.376835
-7.773955,110.37683
-7.773971,110.376825
-7.773986,110.37682
-7.774002,110.376815
-7.774018,110.37681
-7.774034,110.376806
-7.774049,110.376801
-7.774065,110.376796
-7.774081,110.376792
-7.774097,110.376787
-7.774113,110.376782
-7.774128,110.376778
-7.774144,110.376773
-7.77416,110.376768
-7.774176,110.376763
-7.774192,110.376758
-7.774208,110.376754
-7.774224,110.376749
-7.774241,110.376744
-7.774257,110.376739
-7.774273,110.376734
-7.774289,110.376729
-7.774305,110.376724
-7.774321,110.376719
-7.774337,110.376714
-7.774354,110.376709
-7.77437,110.376704
-7.774386,110.376699
-7.774403,110.376694
-7.774419,110.376689
-7.774435,110.376684
-7.774452,110.376679
-7.774468,110.376674
-7.774484,110.376669
-7.774501,110.376664
-7.774517,110.37666
-7.774533,110.376655
-7.77455,110.37665
-7.774566,110.376645
-7.774582,110.37664
-7.774599,110.376635
-7.774615,110.37663
-7.774631,110.376625
-7.774648,110.37662
-7.774664,110.376615
-7.77468,110.37661
-7.774697,110.376606
-7.774713,110.3766
-7.774729,110.376596
-7.774745,110.376591
-7.774761,110.376586
-7.774777,110.376581
-7.774793,110.376576
-7.774808,110.376571
-7.774824,110.376566
-7.774839,110.376561
-7.774855,110.376556
-7.77487,110.376551
-7.774885,110.376546
-7.7749,110.376542
-7.774915,110.376537
-7.77493,110.376532
-7.774944,110.376528
-7.774959,110.376524
-7.774973,110.376519
-7.774987,110.376515
-7.775001,110.376511
-7.775015,110.376506
-7.775029,110.376502
-7.775043,110.376499
-7.775057,110.376495
-7.775071,110.376491
-7.775085,110.376487
-7.775099,110.376483
-7.775113,110.37648
-7.775127,110.376476
-7.775141,110.376473
-7.775155,110.376469
-7.775169,110.376465
-7.775183,110.376461
-7.775197,110.376457
-7.775211,110.376453
-7.775226,110.376449
-7.77524,110.376445
-7.775254,110.376442
-7.775269,110.376438
-7.775283,110.376434
-7.775297,110.37643
-7.775312,110.376426
-7.775326,110.376421
-7.775341,110.376417
-7.775355,110.376413
-7.77537,110.376408
-7.775385,110.376404
-7.775399,110.3764
-7.775414,110.376395
-7.775428,110.376391
-7.775443,110.376387
-7.775457,110.376382
-7.775472,110.376378
-7.775486,110.376373
-7.775501,110.376369
-7.775515,110.376364
-7.775529,110.37636
-7.775543,110.376355
-7.775556,110.376351
-7.77557,110.376347
-7.775584,110.376342
-7.775597,110.376338
-7.775611,110.376334
-7.775624,110.37633
-7.775637,110.376326
-7.77565,110.376322
-7.775663,110.376318
-7.775676,110.376315
-7.775688,110.376311
-7.7757,110.376307
-7.775712,110.376303
-7.775724,110.376299
-7.775736,110.376295
-7.775747,110.376292
-7.775757,110.376289
-7.775766,110.376286
-7.775774,110.376283
-7.77578,110.376281
-7.775787,110.376279
-7.775793,110.376277
-7.775798,110.376275
-7.775804,110.376273
-7.775809,110.376271
-7.775814,110.376269
-7.775819,110.376267
-7.775824,110.376266
-7.775828,110.376264
-7.775833,110.376262
-7.775837,110.37626
-7.775842,110.376258
-7.775846,110.376257
-7.77585,110.376255
-7.775855,110.376253
-7.775859,110.376252
-7.775863,110.37625
-7.775867,110.376249
-7.775872,110.376247
-7.775876,110.376246
-7.775881,110.376244
-7.775886,110.376242
-7.77589,110.376241
-7.775895,110.376239
-7.775901,110.376237
-7.775906,110.376235
-7.775912,110.376233
-7.775918,110.376231
-7.775924,110.376229
-7.77593,110.376226
-7.775937,110.376224
-7.775943,110.376222
-7.77595,110.376219
-7.775957,110.376217
-7.775964,110.376214
-7.775971,110.376212
-7.775977,110.37621
-7.775984,110.376207
-7.77599,110.376205
-7.775997,110.376202
-7.776003,110.3762
-7.77601,110.376198
-7.776017,110.376195
-7.776023,110.376193
-7.77603,110.37619
-7.776037,110.376187
-7.776043,110.376184
-7.77605,110.376181
-7.776056,110.376178
-7.776062,110.376175
-7.776068,110.376171
-7.776074,110.376167
-7.77608,110.376163
-7.776086,110.376159
-7.776092,110.376155
-7.776098,110.37615
-7.776103,110.376145
-7.776108,110.376139
-7.776113,110.376134
-7.776118,110.376128
-7.776122,110.376122
-7.776127,110.376116
-7.77613,110.376109
-7.776134,110.376102
-7.776137,110.376095
-7.776139,110.376088
-7.776141,110.376081
-7.776143,110.376074
-7.776144,110.376066
-7.776145,110.376059
-7.776146,110.376052
-7.776146,110.376045
-7.776146,110.376038
-7.776145,110.376031
-7.776144,110.376024
-7.776143,110.376018
-7.776141,110.376011
-7.776139,110.376005
-7.776137,110.375999
-7.776135,110.375994
-7.776132,110.375988
-7.77613,110.375983
-7.776127,110.375979
-7.776124,110.375974
-7.776121,110.375969
-7.776118,110.375965
-7.776114,110.375961
-7.776111,110.375957
-7.776107,110.375953
-7.776103,110.37595
-7.776099,110.375946
-7.776095,110.375943
-7.776091,110.37594
-7.776087,110.375938
-7.776083,110.375935
-7.776079,110.375933
-7.776074,110.37593
-7.77607,110.375928
-7.776066,110.375926
-7.776061,110.375925
-7.776056,110.375923
-7.776051,110.375922
-7.776045,110.37592
-7.776039,110.375919
-7.776033,110.375918
-7.776026,110.375918
-7.77602,110.375918
-7.776013,110.375918
-7.776006,110.375918
-7.776,110.375919
-7.775993,110.37592
-7.775986,110.375922
-7.775979,110.375924
-7.775972,110.375926
-7.775966,110.375929
-7.77596,110.375932
-7.775954,110.375935
-7.775948,110.375939
-7.775942,110.375943
-7.775936,110.375947
-7.775931,110.375952
-7.775925,110.375957
-7.77592,110.375962
-7.775916,110.375968
-7.775911,110.375974
-7.775907,110.37598
-7.775903,110.375987
-7.7759,110.375993
-7.775897,110.376
-7.775894,110.376007
-7.775892,110.376014
-7.77589,110.376022
-7.775889,110.376029
-7.775888,110.376036
-7.775887,110.376043
-7.775887,110.376051
-7.775887,110.376058
-7.775888,110.376065
-7.775889,110.376072
-7.77589,110.376079
-7.775892,110.376085
-7.775894,110.376091
-7.775896,110.376097
-7.775899,110.376103
-7.775902,110.376109
-7.775905,110.376114
-7.775908,110.376118
-7.775911,110.376123
-7.775914,110.376126
-7.775917,110.376129
-7.77592,110.376132
-7.775922,110.376135
-7.775925,110.376137
-7.775927,110.376139
-7.77593,110.376141
-7.775932,110.376143
-7.775935,110.376145
-7.775937,110.376147
-7.77594,110.376149
-7.775943,110.376151
-7.775946,110.376153
-7.77595,110.376155
-7.775953,110.376157
-7.775957,110.376159
-7.775961,110.37616
-7.775965,110.376162
-7.775969,110.376164
-7.775973,110.376165
-7.775976,110.376166
-7.77598,110.376168
-7.775984,110.376169
-7.775988,110.37617
-7.775991,110.37617
-7.775995,110.376171
-7.775999,110.376172
-7.776002,110.376172
-7.776005,110.376172
-7.776009,110.376173
-7.776012,110.376173
-7.776015,110.376173
-7.776019,110.376173
-7.776022,110.376173
-7.776025,110.376173
-7.776029,110.376173
-7.776032,110.376172
-7.776036,110.376172
-7.776039,110.376172
-7.776043,110.376171
-7.776047,110.37617
-7.77605,110.376169
-7.776054,110.376168
-7.776058,110.376167
-7.776062,110.376166
-7.776066,110.376164
-7.77607,110.376163
-7.776074,110.376161
-7.776078,110.376159
-7.776082,110.376157
-7.776086,110.376154
-7.776091,110.376151
-7.776095,110.376149
-7.776099,110.376145
-7.776103,110.376142
-7.776107,110.376139
-7.77611,110.376135
-7.776098,110.376161
-7.7761,110.37616
-7.776103,110.376157
-7.776106,110.376154
-7.776108,110.376149
-7.776111,110.376146
-7.776113,110.376142
-7.776115,110.376138
-7.776117,110.376133
-7.776119,110.376128
-7.77612,110.376123
-7.776121,110.376118
-7.776122,110.376113
-7.776123,110.376108
-7.776123,110.376103
-7.776123,110.376098
-7.776123,110.376092
-7.776123,110.376087
-7.776122,110.376081
-7.776121,110.376076
-7.77612,110.37607
-7.776119,110.376064
-7.776117,110.376059
-7.776115,110.376053
-7.776113,110.376048
-7.776111,110.376043
-7.776108,110.376038
-7.776106,110.376033
-7.776103,110.376028
-7.7761,110.376023
-7.776097,110.376019
-7.776094,110.376015
-7.77609,110.376011
-7.776087,110.376007
-7.776083,110.376003
-7.776079,110.376
-7.776076,110.375997
-7.776072,110.375994
-7.776068,110.375991
-7.776064,110.375988
-7.77606,110.375985
-7.776056,110.375983
-7.776052,110.375981
-7.776048,110.375979
-7.776044,110.375977
-7.776039,110.375975
-7.776035,110.375973
-7.776031,110.375972
-7.776027,110.375971
-7.776023,110.37597
-7.776019,110.375968
-7.776015,110.375967
-7.776011,110.375967
-7.776008,110.375966
-7.776004,110.375965
-7.776001,110.375965
-7.775997,110.375964
-7.775994,110.375964
-7.775991,110.375963
-7.775987,110.375963
-7.775984,110.375963
-7.775981,110.375962
-7.775978,110.375962
-7.775974,110.375962
-7.775971,110.375962
-7.775967,110.375962
-7.775963,110.375962
-7.775959,110.375962
-7.775955,110.375962
-7.775951,110.375963
-7.775947,110.375963
-7.775943,110.375964
-7.775939,110.375964
-7.775934,110.375965
-7.77593,110.375966
-7.775926,110.375967
-7.775922,110.375968
-7.775917,110.37597
-7.775913,110.375971
-7.775908,110.375973
-7.775902,110.375975
-7.775897,110.375978
-7.775891,110.375981
-7.775885,110.375984
-7.775879,110.375987
-7.775873,110.375991
-7.775867,110.375995
-7.775861,110.376
-7.775854,110.376004
-7.775848,110.376009
-7.775841,110.376014
-7.775835,110.37602
-7.775828,110.376026
-7.775821,110.376032
-7.775814,110.376038
-7.775807,110.376044
-7.775799,110.376051
-7.775792,110.376057
-7.775784,110.376064
-7.775776,110.37607
-7.775767,110.376077
-7.775759,110.376083
-7.77575,110.37609
-7.775741,110.376096
-7.775732,110.376102
-7.775722,110.376109
-7.775712,110.376115
-7.775702,110.376122
-7.775691,110.376128
-7.77568,110.376134
-7.775669,110.37614
-7.775658,110.376146
-7.775646,110.376152
-7.775634,110.376158
-7.775621,110.376164
-7.775609,110.376169
-7.775596,110.376175
-7.775583,110.37618
-7.77557,110.376186
-7.775556,110.376191
-7.775543,110.376196
-7.775529,110.376201
-7.775515,110.376206
-7.775502,110.376211
-7.775488,110.376215
-7.775474,110.37622
-7.77546,110.376225
-7.775446,110.376229
-7.775431,110.376234
-7.775417,110.376238
-7.775403,110.376243
-7.775389,110.376248
-7.775375,110.376252
-7.775361,110.376257
-7.775347,110.376262
-7.775333,110.376266
-7.775318,110.376271
-7.775304,110.376276
-7.77529,110.37628
-7.775276,110.376285
-7.775262,110.376289
-7.775248,110.376294
-7.775234,110.376298
-7.77522,110.376303
-7.775207,110.376308
-7.775193,110.376312
-7.775179,110.376316
-7.775165,110.376321
-7.775151,110.376325
-7.775137,110.37633
-7.775123,110.376334
-7.775109,110.376339
-7.775095,110.376343
-7.775081,110.376347
-7.775067,110.376352
-7.775053,110.376356
-7.775039,110.37636
-7.775024,110.376365
-7.77501,110.376369
-7.774996,110.376373
-7.774982,110.376378
-7.774968,110.376382
-7.774954,110.376386
-7.77494,110.37639
-7.774926,110.376394
-7.774911,110.376399
-7.774897,110.376403
-7.774883,110.376407
-7.774869,110.376411
-7.774855,110.376415
-7.77484,110.376419
-7.774826,110.376424
-7.774811,110.376428
-7.774797,110.376432
-7.774782,110.376436
-7.774768,110.376441
-7.774753,110.376445
-7.774738,110.376449
-7.774723,110.376453
-7.774709,110.376458
-7.774694,110.376462
-7.774679,110.376467
-7.774664,110.376471
-7.774649,110.376476
-7.774634,110.37648
-7.774619,110.376485
-7.774604,110.37649
-7.774589,110.376494
-7.774573,110.376499
-7.774558,110.376503
-7.774542,110.376508
-7.774527,110.376512
-7.774511,110.376517
-7.774496,110.376521
-7.77448,110.376526
-7.774464,110.376531
-7.774448,110.376535
-7.774433,110.37654
-7.774417,110.376544
-7.774401,110.376549
-7.774385,110.376553
-7.774369,110.376558
-7.774352,110.376563
-7.774336,110.376567
-7.77432,110.376572
-7.774304,110.376576
-7.774288,110.376581
-7.774271,110.376585
-7.774255,110.37659
-7.774238,110.376594
-7.774222,110.376599
-7.774205,110.376603
-7.774189,110.376608
-7.774172,110.376613
-7.774156,110.376617
-7.774139,110.376622
-7.774123,110.376627
-7.774107,110.376631
-7.77409,110.376636
-7.774074,110.376641
-7.774057,110.376646
-7.774041,110.37665
-7.774025,110.376655
-7.774008,110.37666
-7.773992,110.376664
-7.773976,110.376669
-7.77396,110.376674
-7.773944,110.376678
-7.773928,110.376683
-7.773912,110.376688
-7.773896,110.376693
-7.77388,110.376697
-7.773864,110.376702
-7.773848,110.376707
-7.773832,110.376712
-7.773816,110.376717
-7.7738,110.376722
-7.773785,110.376727
-7.773769,110.376732
-7.773754,110.376736
-7.773738,110.376741
-7.773722,110.376746
-7.773707,110.376751
-7.773691,110.376756
-7.773675,110.37676
-7.77366,110.376765
-7.773644,110.37677
-7.773629,110.376775
-7.773613,110.376779
-7.773597,110.376784
-7.773582,110.376789
-7.773566,110.376793
-7.773535,110.376802
-7.773519,110.376807
-7.773504,110.376811
-7.773488,110.376816
-7.773457,110.376825
-7.773442,110.37683
-7.773426,110.376834
-7.77341,110.376839
-7.773379,110.376848
-7.773364,110.376853
-7.773348,110.376857
-7.773333,110.376862
-7.773302,110.376871
-7.773286,110.376876
-7.773271,110.376881
-7.773255,110.376885
-7.773224,110.376895
-7.77355,110.376798
-7.773209,110.3769
-7.773193,110.376904
-7.773178,110.376909
-7.773146,110.376918
-7.773472,110.37682
-7.773131,110.376923
-7.773115,110.376928
-7.7731,110.376932
-7.773068,110.376942
-7.773395,110.376843
-7.773053,110.376946
-7.773037,110.376951
-7.773021,110.376956
-7.77299,110.376965
-7.773317,110.376867
-7.772974,110.37697
-7.772959,110.376974
-7.772943,110.376979
-7.772912,110.376989
-7.77324,110.37689
-7.772896,110.376994
-7.77288,110.376998
-7.772864,110.377003
-7.772832,110.377012
-7.773162,110.376914
-7.772816,110.377017
-7.772801,110.377022
-7.772785,110.377026
-7.772753,110.377035
-7.773084,110.376937
-7.772738,110.377039
-7.772722,110.377043
-7.772707,110.377048
-7.772676,110.377056
-7.773006,110.37696
-7.772661,110.37706
-7.772645,110.377064
-7.77263,110.377069
-7.7726,110.377077
-7.772928,110.376984
-7.772585,110.377081
-7.77257,110.377086
-7.772555,110.37709
-7.772525,110.377099
-7.772848,110.377008
-7.772511,110.377103
-7.772496,110.377107
-7.772481,110.377112
-7.772452,110.37712
-7.772769,110.37703
-7.772438,110.377124
-7.772423,110.377128
-7.772409,110.377132
-7.772381,110.37714
-7.772691,110.377052
-7.772367,110.377144
-7.772353,110.377148
-7.772339,110.377152
-7.772312,110.37716
-7.772299,110.377164
-7.772286,110.377167
-7.772273,110.377171
-7.772248,110.377177
-7.77254,110.377094
-7.772236,110.37718
-7.772225,110.377183
-7.772214,110.377186
-7.772193,110.377191
-7.772467,110.377116
-7.772183,110.377193
-7.772173,110.377195
-7.772164,110.377196
-7.772145,110.377198
-7.772395,110.377136
-7.772137,110.377199
-7.772128,110.3772
-7.772119,110.3772
-7.772102,110.377199
-7.772326,110.377156
-7.772093,110.377198
-7.772085,110.377196
-7.772077,110.377194
-7.772061,110.377189
-7.77226,110.377174
-7.772053,110.377186
-7.772046,110.377183
-7.772038,110.377179
-7.772024,110.377172
-7.772203,110.377188
-7.772017,110.377168
-7.772011,110.377163
-7.772004,110.377159
-7.771991,110.377149
-7.772155,110.377198
-7.771985,110.377143
-7.771979,110.377137
-7.771974,110.377132
-7.771963,110.377119
-7.77211,110.377199
-7.771958,110.377112
-7.771953,110.377105
-7.771949,110.377098
-7.77194,110.377083
-7.772069,110.377192
-7.771936,110.377076
-7.771932,110.377067
-7.771928,110.377059
-7.771921,110.377042
-7.772031,110.377176
-7.771917,110.377033
-7.771914,110.377024
-7.77191,110.377015
-7.771903,110.376996
-7.771998,110.377154
-7.7719,110.376987
-7.771897,110.376977
-7.771894,110.376967
-7.771887,110.376948
-7.771968,110.377125
-7.771884,110.376938
-7.771881,110.376929
-7.771878,110.376919
-7.771872,110.376899
-7.771944,110.377091
-7.771869,110.37689
-7.771865,110.37688
-7.771862,110.37687
-7.771856,110.376851
-7.771924,110.377051
-7.771853,110.376841
-7.771849,110.376832
-7.771846,110.376822
-7.771839,110.376803
-7.771906,110.377006
-7.771835,110.376794
-7.77183,110.376785
-7.771826,110.376776
-7.771817,110.376759
-7.77189,110.376958
-7.771812,110.376751
-7.771807,110.376744
-7.771802,110.376737
-7.771791,110.376725
-7.771875,110.376909
-7.771786,110.376719
-7.77178,110.376714
-7.771774,110.376709
-7.771762,110.3767
-7.771859,110.37686
-7.771756,110.376697
-7.77175,110.376693
-7.771743,110.37669
-7.77173,110.376685
-7.771842,110.376812
-7.771723,110.376683
-7.771716,110.376682
-7.771709,110.37668
-7.771694,110.376678
-7.771822,110.376767
-7.771686,110.376677
-7.771678,110.376677
-7.77167,110.376677
-7.771653,110.376677
-7.771796,110.376731
-7.771644,110.376678
-7.771635,110.376679
-7.771626,110.37668
-7.771607,110.376684
-7.771768,110.376704
-7.771597,110.376686
-7.771587,110.376688
-7.771577,110.37669
-7.771557,110.376696
-7.771736,110.376688
-7.771546,110.376698
-7.771536,110.376701
-7.771525,110.376704
-7.771503,110.376711
-7.771701,110.376679
-7.771492,110.376713
-7.771481,110.376717
-7.771469,110.37672
-7.771445,110.376727
-7.771662,110.376677
-7.771433,110.37673
-7.771421,110.376734
-7.771409,110.376738
-7.771384,110.376745
-7.771617,110.376682
-7.771371,110.376749
-7.771359,110.376753
-7.771346,110.376758
-7.77132,110.376766
-7.771567,110.376693
-7.771307,110.37677
-7.771294,110.376774
-7.771281,110.376779
-7.771255,110.376788
-7.771514,110.376707
-7.771242,110.376792
-7.771229,110.376796
-7.771216,110.376801
-7.77119,110.376809
-7.771457,110.376723
-7.771177,110.376814
-7.771164,110.376818
-7.771151,110.376822
-7.771125,110.37683
-7.771396,110.376742
-7.771112,110.376834
-7.7711,110.376837
-7.771087,110.376841
-7.771061,110.376849
-7.771333,110.376762
-7.771049,110.376852
-7.771037,110.376856
-7.771024,110.376859
-7.771,110.376866
-7.771268,110.376783
-7.770988,110.37687
-7.770976,110.376873
-7.770964,110.376877
-7.770941,110.376883
-7.771203,110.376805
-7.77093,110.376886
-7.770919,110.37689
-7.770908,110.376893
-7.770887,110.376899
-7.771138,110.376826
-7.770877,110.376901
-7.770868,110.376904
-7.770859,110.376906
-7.770841,110.376911
-7.771074,110.376845
-7.770833,110.376913
-7.770825,110.376915
-7.770818,110.376917
-7.770804,110.376922
-7.771012,110.376863
-7.770797,110.376923
-7.77079,110.376925
-7.770784,110.376927
-7.770773,110.376931
-7.770953,110.37688
-7.770768,110.376934
-7.770763,110.376936
-7.770759,110.376938
-7.770751,110.376943
-7.770897,110.376896
-7.770747,110.376945
-7.770744,110.376948
-7.77074,110.376951
-7.770734,110.376957
-7.77085,110.376909
-7.770732,110.37696
-7.77073,110.376963
-7.770727,110.376966
-7.770723,110.376973
-7.770811,110.37692
-7.770722,110.376977
-7.770721,110.37698
-7.770719,110.376984
-7.770717,110.376992
-7.770778,110.376929
-7.770717,110.376997
-7.770716,110.377001
-7.770716,110.377005
-7.770717,110.377014
-7.770755,110.376941
-7.770717,110.377019
-7.770718,110.377024
-7.770719,110.377028
-7.770721,110.377038
-7.770737,110.376954
-7.770722,110.377042
-7.770723,110.377047
-7.770725,110.377051
-7.770727,110.377059
-7.770725,110.37697
-7.770729,110.377063
-7.77073,110.377067
-7.770732,110.377071
-7.770735,110.377078
-7.770718,110.376988
-7.770736,110.377082
-7.770738,110.377086
-7.77074,110.37709
-7.770743,110.377099
-7.770716,110.37701
-7.770745,110.377104
-7.770747,110.377108
-7.770748,110.377113
-7.770751,110.377122
-7.77072,110.377033
-7.770753,110.377126
-7.770755,110.37713
-7.770756,110.377135
-7.770759,110.377143
-7.770726,110.377055
-7.770761,110.377148
-7.770762,110.377152
-7.770763,110.377157
-7.770766,110.377166
-7.770733,110.377075
-7.770768,110.37717
-7.770769,110.377175
-7.770771,110.37718
-7.770774,110.37719
-7.770741,110.377095
-7.770775,110.377195
-7.770777,110.3772
-7.770778,110.377204
-7.77078,110.377212
-7.77075,110.377117
-7.770781,110.377217
-7.770781,110.377221
-7.770781,110.377225
-7.770782,110.377233
-7.770757,110.377139
-7.770781,110.377236
-7.770781,110.37724
-7.77078,110.377243
-7.770777,110.37725
-7.770765,110.377161
-7.770775,110.377253
-7.770774,110.377256
-7.770772,110.37726
-7.770766,110.377266
-7.770772,110.377185
-7.770763,110.377269
-7.77076,110.377273
-7.770757,110.377276
-7.77075,110.377283
-7.770779,110.377208
-7.770746,110.377287
-7.770742,110.377291
-7.770738,110.377295
-7.770729,110.377302
-7.770782,110.377229
-7.770725,110.377307
-7.77072,110.377311
-7.770716,110.377316
-7.770707,110.377325
-7.770779,110.377246
-7.770702,110.37733
-7.770698,110.377335
-7.770694,110.377341
-7.770687,110.377352
-7.770769,110.377263
-7.770684,110.377358
-7.770681,110.377363
-7.770678,110.377369
-7.770673,110.377381
-7.770753,110.37728
-7.77067,110.377388
-7.770668,110.377394
-7.770666,110.377401
-7.770663,110.377415
-7.770733,110.377299
-7.770662,110.377422
-7.77066,110.377429
-7.77066,110.377436
-7.770659,110.377451
-7.770711,110.37732
-7.770659,110.377458
-7.770659,110.377466
-7.770659,110.377473
-7.770661,110.377488
-7.770691,110.377346
-7.770662,110.377496
-7.770664,110.377504
-7.770665,110.377512
-7.770669,110.377528
-7.770675,110.377375
-7.770671,110.377536
-7.770673,110.377545
-7.770676,110.377554
-7.77068,110.377573
-7.770664,110.377408
-7.770683,110.377582
-7.770685,110.377592
-7.770687,110.377602
-7.770692,110.377622
-7.770659,110.377443
-7.770695,110.377632
-7.770697,110.377642
-7.7707,110.377652
-7.770705,110.377673
-7.77066,110.377481
-7.770708,110.377683
-7.77071,110.377694
-7.770713,110.377704
-7.770719,110.377725
-7.770667,110.37752
-7.770721,110.377736
-7.770724,110.377746
-7.770727,110.377756
-7.770733,110.377777
-7.770678,110.377564
-7.770736,110.377787
-7.770739,110.377797
-7.770741,110.377807
-7.770747,110.377827
-7.77069,110.377612
-7.77075,110.377837
-7.770753,110.377846
-7.770756,110.377856
-7.770761,110.377874
-7.770702,110.377663
-7.770764,110.377883
-7.770767,110.377892
-7.77077,110.377901
-7.770776,110.377918
-7.770716,110.377715
-7.770779,110.377927
-7.770782,110.377935
-7.770785,110.377943
-7.770792,110.377959
-7.77073,110.377767
-7.770795,110.377967
-7.770798,110.377975
-7.770802,110.377982
-7.77081,110.377996
-7.770744,110.377817
-7.770815,110.378003
-7.770819,110.37801
-7.770824,110.378016
-7.770834,110.378028
-7.770759,110.377865
-7.77084,110.378034
-7.770845,110.378039
-7.77085,110.378044
-7.770862,110.378054
-7.770773,110.37791
-7.770868,110.378058
-7.770874,110.378062
-7.77088,110.378066
-7.770892,110.378073
-7.770788,110.377951
-7.770898,110.378076
-7.770905,110.378079
-7.770911,110.378081
-7.770923,110.378085
-7.770806,110.377989
-7.770929,110.378086
-7.770935,110.378088
-7.77094,110.37809
-7.77095,110.378092
-7.770829,110.378022
-7.770955,110.378093
-7.77096,110.378094
-7.770965,110.378094
-7.770975,110.378096
-7.770856,110.378049
-7.770979,110.378098
-7.770984,110.378099
-7.770988,110.378101
-7.770996,110.378105
-7.770886,110.378069
-7.771001,110.378107
-7.771005,110.378109
-7.771008,110.378112
-7.771014,110.378118
-7.770917,110.378083
-7.771018,110.378121
-7.77102,110.378124
-7.771023,110.378128
-7.771029,110.378135
-7.770945,110.378091
-7.771031,110.378139
-7.771033,110.378144
-7.771035,110.378148
-7.77104,110.378158
-7.77097,110.378095
-7.771041,110.378163
-7.771043,110.378169
-7.771045,110.378174
-7.771048,110.378186
-7.770992,110.378103
-7.77105,110.378192
-7.771051,110.378197
-7.771053,110.378203
-7.771055,110.378214
-7.771011,110.378115
-7.771056,110.378219
-7.771057,110.378224
-7.771058,110.378229
-7.771061,110.378238
-7.771026,110.378131
-7.771062,110.378243
-7.771062,110.378248
-7.771063,110.378252
-7.771065,110.378261
-7.771037,110.378153
-7.771066,110.378265
-7.771067,110.37827
-7.771068,110.378274
-7.77107,110.378282
-7.771047,110.37818
-7.771071,110.378285
-7.771071,110.378289
-7.771071,110.378292
-7.77107,110.378299
-7.771054,110.378208
-7.771069,110.378302
-7.771068,110.378306
-7.771067,110.378309
-7.771064,110.378314
-7.771059,110.378233
-7.771062,110.378317
-7.77106,110.378319
-7.771058,110.378321
-7.771054,110.378325
-7.771064,110.378257
-7.771051,110.378327
-7.771049,110.378329
-7.771046,110.37833
-7.771041,110.378333
-7.771069,110.378278
-7.771037,110.378335
-7.771034,110.378336
-7.771031,110.378337
-7.771024,110.378339
-7.771071,110.378296
-7.77102,110.378341
-7.771016,110.378341
-7.771011,110.378342
-7.771003,110.378343
-7.771065,110.378312
-7.770999,110.378344
-7.770994,110.378344
-7.77099,110.378344
-7.770981,110.378346
-7.771056,110.378323
-7.770976,110.378346
-7.770971,110.378347
-7.770966,110.378347
-7.770956,110.378349
-7.771044,110.378332
-7.77095,110.37835
-7.770945,110.37835
-7.770939,110.378351
-7.770926,110.378354
-7.771027,110.378339
-7.77092,110.378355
-7.770914,110.378357
-7.770907,110.378358
-7.770894,110.378362
-7.771007,110.378342
-7.770887,110.378364
-7.77088,110.378365
-7.770874,110.378367
-7.77086,110.378372
-7.770985,110.378345
-7.770854,110.378374
-7.770847,110.378376
-7.77084,110.378378
-7.770827,110.378382
-7.770961,110.378348
-7.77082,110.378385
-7.770813,110.378387
-7.770806,110.378389
-7.770792,110.378394
-7.770933,110.378353
-7.770785,110.378396
-7.770777,110.378399
-7.77077,110.378401
-7.770755,110.378406
-7.770901,110.37836
-7.770748,110.378408
-7.770741,110.37841
-7.770733,110.378412
-7.770719,110.378416
-7.770867,110.378369
-7.770712,110.378418
-7.770705,110.378421
-7.770698,110.378423
-7.770684,110.378427
-7.770834,110.37838
-7.770677,110.378428
-7.770671,110.37843
-7.770664,110.378432
-7.770651,110.378435
-7.770799,110.378392
-7.770645,110.378436
-7.77064,110.378437
-7.770634,110.378437
-7.770624,110.378438
-7.770762,110.378403
-7.770619,110.378438
-7.770614,110.378438
-7.77061,110.378438
-7.770601,110.378437
-7.770726,110.378414
-7.770597,110.378436
-7.770593,110.378435
-7.77059,110.378434
-7.770582,110.378432
-7.770691,110.378425
-7.770579,110.37843
-7.770576,110.378429
-7.770573,110.378426
-7.770568,110.378421
-7.770658,110.378434
-7.770565,110.378418
-7.770562,110.378415
-7.77056,110.378412
-7.770555,110.378404
-7.770629,110.378438
-7.770553,110.3784
-7.77055,110.378396
-7.770548,110.378391
-7.770543,110.378381
-7.770606,110.378437
-7.770541,110.378375
-7.770539,110.37837
-7.770537,110.378364
-7.770532,110.378351
-7.770586,110.378433
-7.77053,110.378345
-7.770527,110.378338
-7.770525,110.378331
-7.77052,110.378317
-7.77057,110.378424
-7.770518,110.37831
-7.770516,110.378303
-7.770514,110.378296
-7.770509,110.378281
-7.770557,110.378408
-7.770507,110.378273
-7.770504,110.378265
-7.770502,110.378257
-7.770497,110.37824
-7.770546,110.378386
-7.770494,110.378231
-7.770492,110.378222
-7.770489,110.378213
-7.770484,110.378194
-7.770534,110.378358
-7.770481,110.378185
-7.770478,110.378175
-7.770476,110.378165
-7.77047,110.378145
-7.770523,110.378324
-7.770467,110.378135
-7.770465,110.378125
-7.770462,110.378114
-7.770456,110.378093
-7.770511,110.378288
-7.770452,110.378082
-7.770449,110.378071
-7.770446,110.37806
-7.77044,110.378038
-7.770499,110.378248
-7.770437,110.378027
-7.770434,110.378016
-7.77043,110.378005
-7.770424,110.377984
-7.770486,110.378204
-7.770421,110.377973
-7.770418,110.377962
-7.770415,110.377952
-7.770409,110.37793
-7.770473,110.378155
-7.770406,110.377919
-7.770404,110.377909
-7.770401,110.377899
-7.770395,110.377879
-7.770459,110.378104
-7.770391,110.377869
-7.770387,110.377859
-7.770383,110.377849
-7.770374,110.37783
-7.770443,110.378049
-7.77037,110.37782
-7.770367,110.377809
-7.770364,110.377798
-7.77036,110.377774
-7.770427,110.377995
-7.770359,110.377761
-7.770359,110.37775
-7.77036,110.377738
-7.770362,110.377716
-7.770412,110.377941
-7.77036,110.377705
-7.770356,110.377695
-7.770349,110.377684
-7.77034,110.377662
-7.770398,110.377889
-7.770337,110.377651
-7.770333,110.37764
-7.77033,110.377629
-7.770323,110.377608
-7.770379,110.377839
-7.770319,110.377597
-7.770316,110.377586
-7.770313,110.377576
-7.770306,110.377556
-7.770361,110.377786
-7.770303,110.377545
-7.7703,110.377535
-7.770297,110.377525
-7.770291,110.377505
-7.770362,110.377727
-7.770288,110.377495
-7.770285,110.377485
-7.770283,110.377475
-7.770277,110.377456
-7.770344,110.377673
-7.770274,110.377446
-7.770272,110.377437
-7.770269,110.377427
-7.770263,110.377408
-7.770327,110.377618
-7.770261,110.377399
-7.770258,110.37739
-7.770255,110.377381
-7.77025,110.377363
-7.770309,110.377566
-7.770248,110.377354
-7.770245,110.377345
-7.770242,110.377337
-7.770237,110.37732
-7.770294,110.377515
-7.770235,110.377312
-7.770233,110.377304
-7.770231,110.377296
-7.770227,110.377281
-7.77028,110.377466
-7.770225,110.377274
-7.770223,110.377267
-7.770222,110.377259
-7.77022,110.377246
-7.770266,110.377418
-7.770218,110.377239
-7.770217,110.377233
-7.770216,110.377227
-7.770214,110.377215
-7.770253,110.377372
-7.770213,110.37721
-7.770212,110.377204
-7.770211,110.377199
-7.770209,110.377189
-7.77024,110.377329
-7.770207,110.377184
-7.770206,110.377179
-7.770204,110.377174
-7.770199,110.377166
-7.770229,110.377289
-7.770196,110.377162
-7.770193,110.377158
-7.77019,110.377154
-7.770182,110.377148
-7.770221,110.377252
-7.770178,110.377145
-7.770174,110.377143
-7.770169,110.37714
-7.770158,110.377137
-7.770215,110.377221
-7.770152,110.377136
-7.770146,110.377136
-7.77014,110.377135
-7.770127,110.377135
-7.77021,110.377194
-7.77012,110.377135
-7.770113,110.377136
-7.770106,110.377137
-7.770091,110.377141
-7.770201,110.37717
-7.770083,110.377143
-7.770076,110.377145
-7.770068,110.377147
-7.770053,110.377152
-7.770186,110.377151
-7.770045,110.377155
-7.770036,110.377158
-7.770028,110.377161
-7.770011,110.377167
-7.770164,110.377139
-7.770002,110.37717
-7.769993,110.377174
-7.769983,110.377177
-7.769964,110.377183
-7.770133,110.377135
-7.769955,110.377187
-7.769945,110.37719
-7.769935,110.377193
-7.769914,110.377199
-7.770098,110.377139
-7.769904,110.377202
-7.769893,110.377206
-7.769882,110.377209
-7.769861,110.377215
-7.770061,110.37715
-7.76985,110.377218
-7.76984,110.377221
-7.769829,110.377224
-7.769808,110.37723
-7.770019,110.377164
-7.769797,110.377234
-7.769787,110.377237
-7.769777,110.37724
-7.769756,110.377246
-7.769974,110.37718
-7.769747,110.377248
-7.769737,110.377251
-7.769727,110.377254
-7.769709,110.37726
-7.769924,110.377196
-7.769699,110.377263
-7.769691,110.377265
-7.769682,110.377268
-7.769666,110.377273
-7.769872,110.377212
-7.769658,110.377276
-7.769651,110.377278
-7.769644,110.37728
-7.769631,110.377285
-7.769818,110.377227
-7.769625,110.377288
-7.769619,110.37729
-7.769614,110.377293
-7.769603,110.377298
-7.769766,110.377243
-7.769599,110.3773
-7.769594,110.377303
-7.769589,110.377306
-7.769581,110.377313
-7.769718,110.377257
-7.769578,110.377316
-7.769574,110.37732
-7.769571,110.377324
-7.769566,110.377333
-7.769674,110.37727
-7.769564,110.377337
-7.769562,110.377342
-7.76956,110.377346
-7.769557,110.377356
-7.769637,110.377283
-7.769556,110.377361
-7.769556,110.377365
-7.769555,110.377371
-7.769555,110.377381
-7.769608,110.377295
-7.769555,110.377387
-7.769555,110.377393
-7.769555,110.377399
-7.769557,110.377411
-7.769585,110.377309
-7.769558,110.377417
-7.769559,110.377423
-7.769561,110.37743
-7.769564,110.377443
-7.769568,110.377328
-7.769566,110.37745
-7.769569,110.377457
-7.769571,110.377464
-7.769576,110.377478
-7.769559,110.377351
-7.769578,110.377485
-7.769581,110.377492
-7.769583,110.377499
-7.769588,110.377515
-7.769555,110.377376
-7.769591,110.377522
-7.769594,110.377531
-7.769597,110.377539
-7.769602,110.377555
-7.769556,110.377405
-7.769604,110.377564
-7.769607,110.377573
-7.76961,110.377581
-7.769615,110.377599
-7.769562,110.377436
-7.769618,110.377608
-7.76962,110.377617
-7.769623,110.377626
-7.769628,110.377644
-7.769573,110.37747
-7.769631,110.377653
-7.769634,110.377662
-7.769636,110.377672
-7.769641,110.37769
-7.769586,110.377507
-7.769644,110.377699
-7.769646,110.377708
-7.769649,110.377718
-7.769654,110.377736
-7.769599,110.377547
-7.769657,110.377746
-7.76966,110.377755
-7.769662,110.377765
-7.769668,110.377784
-7.769613,110.37759
-7.769671,110.377793
-7.769674,110.377803
-7.769677,110.377812
-7.769683,110.377831
-7.769626,110.377635
-7.769686,110.377841
-7.769689,110.37785
-7.769692,110.377859
-7.769698,110.377878
-7.769639,110.377681
-7.769701,110.377888
-7.769704,110.377897
-7.769707,110.377906
-7.769713,110.377925
-7.769652,110.377727
-7.769716,110.377934
-7.769719,110.377943
-7.769722,110.377952
-7.769728,110.377971
-7.769665,110.377774
-7.769731,110.37798
-7.769734,110.377989
-7.769737,110.377998
-7.769743,110.378017
-7.76968,110.377822
-7.769745,110.378026
-7.769748,110.378036
-7.769751,110.378045
-7.769757,110.378063
-7.769695,110.377869
-7.76976,110.378073
-7.769763,110.378082
-7.769766,110.378091
-7.769771,110.37811
-7.76971,110.377916
-7.769774,110.378119
-7.769777,110.378129
-7.76978,110.378138
-7.769786,110.378157
-7.769725,110.377962
-7.769788,110.378166
-7.769791,110.378175
-7.769794,110.378185
-7.769799,110.378203
-7.76974,110.378008
-7.769802,110.378212
-7.769805,110.378221
-7.769808,110.37823
-7.769813,110.378249
-7.769754,110.378054
-7.769816,110.378258
-7.769818,110.378267
-7.769821,110.378276
-7.769826,110.378294
-7.769768,110.378101
-7.769829,110.378303
-7.769832,110.378312
-7.769834,110.378321
-7.76984,110.378339
-7.769783,110.378147
-7.769842,110.378348
-7.769844,110.378357
-7.769847,110.378366
-7.769852,110.378383
-7.769797,110.378194
-7.769854,110.378392
-7.769857,110.3784
-7.769859,110.378409
-7.769864,110.378426
-7.76981,110.378239
-7.769866,110.378434
-7.769869,110.378442
-7.769871,110.378451
-7.769875,110.378467
-7.769824,110.378285
-7.769878,110.378475
-7.76988,110.378482
-7.769882,110.37849
-7.769886,110.378505
-7.769837,110.37833
-7.769888,110.378513
-7.76989,110.37852
-7.769892,110.378527
-7.769896,110.378542
-7.769849,110.378374
-7.769898,110.378549
-7.7699,110.378556
-7.769901,110.378562
-7.769905,110.378576
-7.769862,110.378417
-7.769906,110.378582
-7.769908,110.378588
-7.76991,110.378594
-7.769914,110.378606
-7.769873,110.378459
-7.769915,110.378612
-7.769917,110.378617
-7.769919,110.378623
-7.769923,110.378633
-7.769884,110.378498
-7.769924,110.378638
-7.769926,110.378642
-7.769928,110.378647
-7.76993,110.378656
-7.769894,110.378535
-7.769932,110.37866
-7.769933,110.378664
-7.769935,110.378668
-7.769938,110.378677
-7.769903,110.378569
-7.769939,110.378681
-7.769941,110.378685
-7.769943,110.378689
-7.769947,110.378696
-7.769912,110.3786
-7.769949,110.3787
-7.76995,110.378703
-7.769953,110.378707
-7.769957,110.378714
-7.769921,110.378628
-7.76996,110.378717
-7.769963,110.37872
-7.769966,110.378722
-7.769974,110.378727
-7.769929,110.378651
-7.769978,110.378728
-7.769982,110.37873
-7.769986,110.378731
-7.769995,110.378735
-7.769936,110.378673
-7.77,110.378736
-7.770004,110.378737
-7.770009,110.378738
-7.770019,110.378739
-7.769945,110.378693
-7.770024,110.37874
-7.77003,110.37874
-7.770036,110.37874
-7.770048,110.378738
-7.769955,110.37871
-7.770054,110.378738
-7.77006,110.378736
-7.770067,110.378735
-7.770079,110.378732
-7.76997,110.378725
-7.770086,110.37873
-7.770092,110.378729
-7.770098,110.378727
-7.770112,110.378723
-7.769991,110.378733
-7.770119,110.378722
-7.770125,110.37872
-7.770132,110.378718
-7.770145,110.378714
-7.770153,110.378712
-7.77016,110.378709
-7.770168,110.378707
-7.770183,110.378702
-7.770041,110.378739
-7.77019,110.378699
-7.770198,110.378696
-7.770206,110.378693
-7.770223,110.378687
-7.770073,110.378733
-7.770231,110.378683
-7.77024,110.37868
-7.770249,110.378677
-7.770267,110.37867
-7.770105,110.378725
-7.770276,110.378667
-7.770285,110.378663
-7.770295,110.37866
-7.770313,110.378653
-7.770139,110.378716
-7.770323,110.37865
-7.770333,110.378646
-7.770342,110.378643
-7.770362,110.378636
-7.770176,110.378705
-7.770373,110.378632
-7.770384,110.378629
-7.770394,110.378625
-7.770416,110.378618
-7.770214,110.37869
-7.770427,110.378614
-7.770439,110.378611
-7.77045,110.378607
-7.770473,110.3786
-7.770258,110.378674
-7.770484,110.378597
-7.770496,110.378593
-7.770507,110.37859
-7.77053,110.378583
-7.770304,110.378657
-7.770541,110.37858
-7.770552,110.378577
-7.770564,110.378574
-7.770586,110.378567
-7.770352,110.37864
-7.770597,110.378564
-7.770608,110.378561
-7.77062,110.378557
-7.770642,110.378551
-7.770405,110.378621
-7.770653,110.378547
-7.770665,110.378544
-7.770676,110.378541
-7.770699,110.378534
-7.770462,110.378604
-7.77071,110.37853
-7.770721,110.378527
-7.770732,110.378523
-7.770754,110.378516
-7.770518,110.378587
-7.770765,110.378513
-7.770776,110.37851
-7.770786,110.378506
-7.770807,110.3785
-7.770575,110.37857
-7.770817,110.378497
-7.770816,110.378503
-7.770824,110.378503
-7.770843,110.378498
-7.770631,110.378554
-7.770852,110.378496
-7.770862,110.378493
-7.770871,110.37849
-7.770891,110.378485
-7.770687,110.378537
-7.7709,110.378482
-7.770909,110.378479
-7.770916,110.378477
-7.77093,110.378473
-7.770743,110.37852
-7.770937,110.378471
-7.770943,110.378469
-7.770949,110.378468
-7.770961,110.378465
-7.770797,110.378503
-7.770967,110.378464
-7.770972,110.378463
-7.770978,110.378463
-7.770989,110.378462
-7.770833,110.378501
-7.770994,110.378463
-7.771,110.378463
-7.771005,110.378464
-7.771014,110.378468
-7.770881,110.378488
-7.771019,110.37847
-7.771024,110.378473
-7.771028,110.378476
-7.771035,110.378482
-7.770924,110.378474
-7.771039,110.378485
-7.771042,110.378489
-7.771045,110.378493
-7.771052,110.378501
-7.770955,110.378466
-7.771055,110.378505
-7.771058,110.378509
-7.771062,110.378514
-7.771067,110.378523
-7.770983,110.378462
-7.77107,110.378528
-7.771072,110.378533
-7.771075,110.378538
-7.771079,110.378549
-7.77101,110.378466
-7.771082,110.378555
-7.771084,110.378561
-7.771087,110.378568
-7.771091,110.378582
-7.771032,110.378479
-7.771094,110.37859
-7.771096,110.378597
-7.771098,110.378604
-7.771102,110.37862
-7.771049,110.378497
-7.771104,110.378628
-7.771106,110.378636
-7.771108,110.378644
-7.771112,110.378661
-7.771064,110.378518
-7.771114,110.37867
-7.771116,110.378679
-7.771119,110.378688
-7.771124,110.378707
-7.771077,110.378543
-7.771127,110.378717
-7.771129,110.378727
-7.771132,110.378737
-7.771137,110.378757
-7.771089,110.378575
-7.77114,110.378768
-7.771143,110.378778
-7.771145,110.378789
-7.771151,110.378811
-7.7711,110.378612
-7.771154,110.378821
-7.771157,110.378832
-7.77116,110.378843
-7.771166,110.378865
-7.77111,110.378653
-7.771169,110.378876
-7.771172,110.378888
-7.771175,110.378899
-7.771182,110.378922
-7.771122,110.378697
-7.771185,110.378933
-7.771189,110.378945
-7.771192,110.378956
-7.771199,110.378979
-7.771134,110.378747
-7.771203,110.378991
-7.771206,110.379003
-7.77121,110.379015
-7.771217,110.379039
-7.771148,110.3788
-7.77122,110.379051
-7.771223,110.379064
-7.771227,110.379076
-7.771234,110.379101
-7.771163,110.378854
-7.771238,110.379113
-7.771241,110.379126
-7.771245,110.379139
-7.771254,110.379164
-7.771179,110.37891
-7.771258,110.379176
-7.771261,110.379188
-7.771265,110.379201
-7.771272,110.379226
-7.771196,110.378968
-7.771276,110.379239
-7.77128,110.379251
-7.771283,110.379264
-7.77129,110.379289
-7.771213,110.379027
-7.771294,110.379302
-7.771298,110.379314
-7.771301,110.379326
-7.771308,110.379351
-7.77123,110.379088
-7.771311,110.379363
-7.771315,110.379375
-7.771318,110.379387
-7.771325,110.379411
-7.77125,110.379151
-7.771328,110.379423
-7.771332,110.379435
-7.771335,110.379447
-7.771342,110.37947
-7.771269,110.379213
-7.771345,110.379482
-7.771349,110.379494
-7.771352,110.379506
-7.771359,110.379529
-7.771287,110.379277
-7.771362,110.379541
-7.771366,110.379553
-7.771369,110.379565
-7.771377,110.379588
-7.771305,110.379339
-7.771381,110.379599
-7.771384,110.379611
-7.771388,110.379622
-7.771394,110.379645
-7.771322,110.379399
-7.771398,110.379657
-7.771401,110.379668
-7.771404,110.37968
-7.771411,110.379703
-7.771338,110.379458
-7.771415,110.379714
-7.771418,110.379726
-7.771422,110.379737
-7.771428,110.37976
-7.771355,110.379518
-7.771431,110.379771
-7.771435,110.379782
-7.771438,110.379793
-7.771444,110.379815
-7.771373,110.379576
-7.771448,110.379827
-7.771451,110.379838
-7.771454,110.379849
-7.77146,110.379871
-7.771391,110.379634
-7.771463,110.379882
-7.771466,110.379892
-7.771469,110.379903
-7.771475,110.379925
-7.771408,110.379692
-7.771479,110.379936
-7.771482,110.379947
-7.771486,110.379958
-7.771493,110.37998
-7.771425,110.379748
-7.771496,110.37999
-7.771499,110.380001
-7.771503,110.380012
-7.771509,110.380034
-7.771441,110.379804
-7.771513,110.380045
-7.771516,110.380056
-7.771519,110.380068
-7.771524,110.380091
-7.771527,110.380102
-7.77153,110.380114
-7.771533,110.380126
-7.771539,110.380149
-7.771472,110.379914
-7.771542,110.380161
-7.771545,110.380173
-7.771548,110.380185
-7.771555,110.380209
-7.771489,110.379969
-7.771558,110.380221
-7.771561,110.380233
-7.771564,110.380246
-7.77157,110.380271
-7.771506,110.380023
-7.771573,110.380283
-7.771576,110.380296
-7.771587,110.380333
-7.771521,110.380079
-7.771591,110.380345
-7.771595,110.380357
-7.771598,110.38037
-7.771606,110.380395
-7.771535,110.380137
-7.77161,110.380407
-7.771613,110.38042
-7.771617,110.380433
-7.771625,110.380458
-7.771551,110.380197
-7.771633,110.380484
-7.771637,110.380497
-7.771644,110.380522
-7.771567,110.380258
-7.771649,110.380534
-7.771653,110.380547
-7.771657,110.380559
-7.771665,110.380583
-7.771584,110.38032
-7.771669,110.380596
-7.771672,110.380608
-7.771676,110.380621
-7.771684,110.380645
-7.771602,110.380382
-7.771687,110.380657
-7.771691,110.38067
-7.771694,110.380682
-7.771701,110.380706
-7.771621,110.380446
-7.771704,110.380718
-7.771708,110.380729
-7.771711,110.380741
-7.771718,110.380763
-7.771641,110.380509
-7.771721,110.380775
-7.771724,110.380786
-7.771727,110.380796
-7.771733,110.380817
-7.771661,110.380571
-7.771736,110.380827
-7.771738,110.380837
-7.771741,110.380846
-7.771746,110.380863
-7.77168,110.380633
-7.771748,110.380871
-7.77175,110.380879
-7.771752,110.380886
-7.771755,110.3809
-7.771698,110.380694
-7.771756,110.380906
-7.771758,110.380912
-7.771759,110.380918
-7.771761,110.380929
-7.771715,110.380752
-7.771762,110.380934
-7.771762,110.380939
-7.771763,110.380944
-7.771764,110.380955
-7.77173,110.380807
-7.771764,110.38096
-7.771764,110.380965
-7.771765,110.38097
-7.771765,110.380981
-7.771744,110.380855
-7.771765,110.380986
-7.771766,110.380991
-7.771765,110.380996
-7.771765,110.381006
-7.771753,110.380893
-7.771764,110.38101
-7.771764,110.381015
-7.771763,110.381019
-7.771762,110.381028
-7.77176,110.380923
-7.771761,110.381032
-7.77176,110.381038
-7.771758,110.381043
-7.771756,110.381054
-7.771763,110.380949
-7.771754,110.381061
-7.771752,110.381067
-7.771751,110.381074
-7.771747,110.381087
-7.771766,110.380975
-7.771745,110.381094
-7.771743,110.381101
-7.771741,110.381109
-7.771737,110.381123
-7.771765,110.381001
-7.771735,110.381131
-7.771733,110.381139
-7.77173,110.381146
-7.771727,110.381163
-7.771763,110.381023
-7.771725,110.381171
-7.771725,110.381179
-7.771724,110.381188
-7.771724,110.381204
-7.771757,110.381048
-7.771724,110.381213
-7.771725,110.381221
-7.771727,110.381229
-7.771731,110.381246
-7.771749,110.381081
-7.771733,110.381255
-7.771737,110.381263
-7.771741,110.381271
-7.77175,110.381287
-7.771739,110.381116
-7.771755,110.381295
-7.771762,110.381302
-7.771768,110.381309
-7.771782,110.381323
-7.771729,110.381154
-7.77179,110.381329
-7.771798,110.381334
-7.771806,110.38134
-7.771823,110.381349
-7.771724,110.381196
-7.771831,110.381353
-7.77184,110.381356
-7.77185,110.381358
-7.771868,110.381362
-7.771729,110.381238
-7.771877,110.381363
-7.771887,110.381363
-7.771896,110.381363
-7.771915,110.381361
-7.771745,110.381279
-7.771924,110.381359
-7.771933,110.381357
-7.771942,110.381354
-7.77196,110.381347
-7.771775,110.381316
-7.771968,110.381342
-7.771976,110.381337
-7.771983,110.381331
-7.771997,110.381319
-7.771814,110.381345
-7.772003,110.381312
-7.772009,110.381304
-7.772014,110.381297
-7.772023,110.381281
-7.771859,110.38136
-7.772027,110.381272
-7.77203,110.381264
-7.772033,110.381255
-7.772037,110.381237
-7.771906,110.381362
-7.772038,110.381227
-7.772038,110.381218
-7.772038,110.381209
-7.772036,110.381191
-7.771951,110.381351
-7.772034,110.381182
-7.772032,110.381173
-7.772029,110.381164
-7.772021,110.381147
-7.77199,110.381325
-7.772016,110.381139
-7.772011,110.381131
-7.772005,110.381124
-7.771992,110.381111
-7.772019,110.381289
-7.771985,110.381104
-7.771978,110.381099
-7.77197,110.381094
-7.771954,110.381085
-7.772036,110.381246
-7.771945,110.381081
-7.771936,110.381078
-7.771927,110.381075
-7.771909,110.381072
-7.772037,110.3812
-7.7719,110.381071
-7.77189,110.381071
-7.771881,110.381072
-7.771863,110.381075
-7.772025,110.381155
-7.771855,110.381077
-7.771846,110.381079
-7.771838,110.381082
-7.771823,110.381089
-7.771999,110.381117
-7.771816,110.381093
-7.771809,110.381098
-7.771802,110.381103
-7.77179,110.381113
-7.771962,110.381089
-7.771784,110.381119
-7.771779,110.381125
-7.771774,110.381131
-7.771765,110.381145
-7.771918,110.381073
-7.771761,110.381152
-7.771758,110.381159
-7.771755,110.381166
-7.771751,110.381181
-7.771872,110.381073
-7.77175,110.381188
-7.771748,110.381196
-7.771748,110.381204
-7.771748,110.38122
-7.77183,110.381085
-7.771748,110.381228
-7.77175,110.381236
-7.771751,110.381244
-7.771755,110.381259
-7.771796,110.381108
-7.771758,110.381267
-7.771762,110.381274
-7.771766,110.381282
-7.771775,110.381296
-7.771769,110.381138
-7.77178,110.381302
-7.771786,110.381309
-7.771792,110.381315
-7.771805,110.381326
-7.771753,110.381173
-7.771812,110.381332
-7.771819,110.381336
-7.771827,110.381341
-7.771843,110.381348
-7.771748,110.381212
-7.771851,110.381351
-7.77186,110.381353
-7.771868,110.381355
-7.771886,110.381358
-7.771753,110.381251
-7.771895,110.381358
-7.771904,110.381358
-7.771913,110.381357
-7.77193,110.381354
-7.77177,110.381289
-7.771939,110.381352
-7.771947,110.381349
-7.771956,110.381346
-7.771971,110.381338
-7.771798,110.381321
-7.771979,110.381334
-7.771986,110.381328
-7.771993,110.381323
-7.772005,110.381311
-7.771835,110.381345
-7.772011,110.381304
-7.772016,110.381297
-7.772021,110.38129
-7.77203,110.381274
-7.771877,110.381357
-7.772035,110.381267
-7.772039,110.381259
-7.772042,110.38125
-7.772049,110.381233
-7.771922,110.381356
-7.772052,110.381225
-7.772055,110.381216
-7.772058,110.381207
-7.772064,110.381189
-7.771964,110.381342
-7.772066,110.381179
-7.772069,110.38117
-7.772073,110.381161
-7.772079,110.381142
-7.771999,110.381317
-7.772083,110.381132
-7.772086,110.381123
-7.77209,110.381113
-7.772098,110.381093
-7.772026,110.381282
-7.772102,110.381084
-7.772106,110.381074
-7.77211,110.381064
-7.772119,110.381044
-7.772046,110.381242
-7.772124,110.381034
-7.772129,110.381024
-7.772135,110.381015
-7.772146,110.380995
-7.772061,110.381198
-7.772152,110.380985
-7.772158,110.380976
-7.772164,110.380966
-7.772178,110.380947
-7.772076,110.381151
-7.772185,110.380938
-7.772192,110.380929
-7.772199,110.380919
-7.772214,110.380901
-7.772094,110.381103
-7.772221,110.380892
-7.772229,110.380883
-7.772237,110.380874
-7.772254,110.380856
-7.772115,110.381054
-7.772262,110.380848
-7.772271,110.380839
-7.77228,110.380831
-7.772298,110.380815
-7.77214,110.381005
-7.772308,110.380807
-7.772317,110.380798
-7.772326,110.38079
-7.772346,110.380774
-7.772171,110.380957
-7.772355,110.380765
-7.772365,110.380757
-7.772374,110.380748
-7.772394,110.380731
-7.772206,110.38091
-7.772403,110.380722
-7.772413,110.380714
-7.772422,110.380705
-7.772442,110.380688
-7.772246,110.380865
-7.772451,110.380679
-7.772461,110.38067
-7.77247,110.380661
-7.772488,110.380642
-7.772289,110.380823
-7.772497,110.380633
-7.772506,110.380623
-7.772514,110.380613
-7.77253,110.380592
-7.772336,110.380782
-7.772538,110.380582
-7.772545,110.380571
-7.772552,110.38056
-7.772564,110.380538
-7.772384,110.38074
-7.77257,110.380526
-7.772575,110.380514
-7.77258,110.380502
-7.772588,110.380478
-7.772432,110.380697
-7.772591,110.380465
-7.772594,110.380453
-7.772596,110.38044
-7.7726,110.380415
-7.772479,110.380652
-7.772602,110.380402
-7.772603,110.380389
-7.772604,110.380376
-7.772604,110.38035
-7.772522,110.380603
-7.772604,110.380338
-7.772604,110.380325
-7.772604,110.380312
-7.772602,110.380286
-7.772558,110.380549
-7.772602,110.380273
-7.772601,110.380259
-7.7726,110.380246
-7.772599,110.380219
-7.772584,110.38049
-7.772598,110.380205
-7.772598,110.380192
-7.772597,110.380178
-7.772595,110.380151
-7.772598,110.380428
-7.772595,110.380137
-7.772594,110.380123
-7.772594,110.380109
-7.772593,110.38008
-7.772604,110.380363
-7.772592,110.380066
-7.772592,110.380052
-7.772593,110.380038
-7.772593,110.38001
-7.772603,110.380299
-7.772594,110.379997
-7.772594,110.379983
-7.772595,110.379969
-7.772598,110.379942
-7.7726,110.380232
-7.772599,110.379929
-7.772601,110.379915
-7.772603,110.379902
-7.772607,110.379877
-7.772596,110.380164
-7.772609,110.379865
-7.772612,110.379853
-7.772614,110.379841
-7.77262,110.379819
-7.772593,110.380095
-7.772623,110.379809
-7.772627,110.379798
-7.772631,110.379789
-7.77264,110.37977
-7.772593,110.380024
-7.772645,110.379762
-7.77265,110.379753
-7.772655,110.379745
-7.772666,110.37973
-7.772596,110.379956
-7.772671,110.379723
-7.772677,110.379716
-7.772683,110.37971
-7.772696,110.379698
-7.772605,110.379889
-7.772703,110.379692
-7.77271,110.379687
-7.772717,110.379682
-7.772731,110.379673
-7.772617,110.37983
-7.772739,110.379669
-7.772746,110.379665
-7.772753,110.379662
-7.772767,110.379655
-7.772636,110.379779
-7.772774,110.379652
-7.772781,110.379649
-7.772787,110.379646
-7.772799,110.379639
-7.77266,110.379738
-7.772805,110.379636
-7.77281,110.379632
-7.772815,110.379628
-7.772825,110.379619
-7.77269,110.379704
-7.772829,110.379615
-7.772832,110.37961
-7.772835,110.379605
-7.772841,110.379594
-7.772724,110.379677
-7.772842,110.379588
-7.772844,110.379583
-7.772845,110.379577
-7.772845,110.379565
-7.77276,110.379658
-7.772845,110.379559
-7.772845,110.379554
-7.772844,110.379548
-7.772842,110.379537
-7.772793,110.379642
-7.772841,110.379531
-7.77284,110.379526
-7.772839,110.37952
-7.772836,110.379508
-7.77282,110.379624
-7.772835,110.379502
-7.772833,110.379495
-7.772831,110.379489
-7.772827,110.379476
-7.772838,110.3796
-7.772825,110.37947
-7.772824,110.379463
-7.772822,110.379456
-7.772818,110.379443
-7.772845,110.379571
-7.772815,110.379437
-7.772813,110.37943
-7.772811,110.379423
-7.772807,110.379409
-7.772843,110.379542
-7.772805,110.379402
-7.772803,110.379395
-7.772801,110.379388
-7.772796,110.379373
-7.772838,110.379514
-7.772794,110.379366
-7.772792,110.379358
-7.77279,110.379351
-7.772785,110.379336
-7.772829,110.379483
-7.772783,110.379329
-7.772781,110.379322
-7.772779,110.379314
-7.772774,110.379299
-7.77282,110.37945
-7.772772,110.379291
-7.77277,110.379284
-7.772767,110.379276
-7.772762,110.37926
-7.772809,110.379416
-7.77276,110.379252
-7.772757,110.379244
-7.772754,110.379236
-7.772749,110.379221
-7.772799,110.37938
-7.772747,110.379212
-7.772744,110.379204
-7.772742,110.379196
-7.772737,110.379179
-7.772788,110.379344
-7.772735,110.379171
-7.772733,110.379162
-7.77273,110.379154
-7.772725,110.379138
-7.772777,110.379307
-7.772723,110.37913
-7.77272,110.379122
-7.772718,110.379113
-7.772713,110.379097
-7.772765,110.379268
-7.772711,110.379089
-7.772709,110.37908
-7.772706,110.379071
-7.772702,110.379055
-7.772752,110.379229
-7.772699,110.379046
-7.772697,110.379037
-7.772695,110.379029
-7.772691,110.379012
-7.77274,110.379188
-7.772688,110.379004
-7.772686,110.378995
-7.772684,110.378987
-7.772679,110.378971
-7.772727,110.379147
-7.772676,110.378963
-7.772674,110.378954
-7.772671,110.378946
-7.772667,110.37893
-7.772716,110.379105
-7.772665,110.378922
-7.772662,110.378914
-7.77266,110.378906
-7.772656,110.37889
-7.772704,110.379063
-7.772653,110.378882
-7.772651,110.378874
-7.772649,110.378866
-7.772644,110.37885
-7.772693,110.37902
-7.772642,110.378842
-7.772639,110.378834
-7.772637,110.378826
-7.772633,110.37881
-7.772681,110.378979
-7.772631,110.378802
-7.772629,110.378794
-7.772627,110.378786
-7.772623,110.378769
-7.772669,110.378938
-7.77262,110.378761
-7.772618,110.378753
-7.772616,110.378745
-7.772611,110.378729
-7.772658,110.378898
-7.772609,110.378721
-7.772607,110.378713
-7.772605,110.378705
-7.772599,110.378689
-7.772647,110.378858
-7.772597,110.378681
-7.772595,110.378674
-7.772592,110.378666
-7.772586,110.37865
-7.772635,110.378818
-7.772584,110.378642
-7.772582,110.378634
-7.772579,110.378626
-7.772575,110.37861
-7.772625,110.378778
-7.772573,110.378601
-7.772571,110.378593
-7.772569,110.378585
-7.772564,110.378569
-7.772614,110.378737
-7.772561,110.37856
-7.772559,110.378552
-7.772556,110.378543
-7.772552,110.378526
-7.772602,110.378697
-7.772549,110.378518
-7.772546,110.378509
-7.772544,110.378501
-7.772539,110.378484
-7.772589,110.378657
-7.772536,110.378475
-7.772534,110.378467
-7.772531,110.378458
-7.772526,110.378442
-7.772577,110.378618
-7.772523,110.378433
-7.772521,110.378425
-7.772518,110.378417
-7.772514,110.3784
-7.772566,110.378577
-7.772511,110.378392
-7.772509,110.378384
-7.772507,110.378376
-7.772502,110.378361
-7.772554,110.378535
-7.7725,110.378353
-7.772497,110.378346
-7.772495,110.378339
-7.772489,110.378325
-7.772541,110.378492
-7.772486,110.378319
-7.772483,110.378312
-7.772479,110.378306
-7.772471,110.378294
-7.772529,110.37845
-7.772467,110.378289
-7.772463,110.378284
-7.772459,110.378279
-7.77245,110.37827
-7.772516,110.378408
-7.772445,110.378265
-7.77244,110.378261
-7.772435,110.378256
-7.772424,110.378247
-7.772505,110.378368
-7.772418,110.378243
-7.772412,110.378238
-7.772406,110.378233
-7.772393,110.378223
-7.772492,110.378332
-7.772387,110.378218
-7.772381,110.378212
-7.772374,110.378206
-7.772362,110.378194
-7.772475,110.3783
-7.772356,110.378187
-7.772349,110.37818
-7.772343,110.378173
-7.772331,110.378158
-7.772454,110.378274
-7.772326,110.37815
-7.77232,110.378142
-7.772315,110.378133
-7.772305,110.378114
-7.772429,110.378252
-7.772301,110.378105
-7.772296,110.378095
-7.772292,110.378085
-7.772283,110.378065
-7.772399,110.378228
-7.772279,110.378054
-7.772275,110.378043
-7.772271,110.378031
-7.772264,110.378008
-7.772368,110.3782
-7.77226,110.377997
-7.772257,110.377985
-7.772253,110.377973
-7.772246,110.377948
-7.772337,110.378166
-7.772242,110.377936
-7.772239,110.377923
-7.772235,110.37791
-7.772228,110.377885
-7.77231,110.378124
-7.772225,110.377873
-7.772221,110.37786
-7.772217,110.377848
-7.77221,110.377823
-7.772287,110.378075
-7.772207,110.37781
-7.772203,110.377798
-7.772199,110.377785
-7.772192,110.377761
-7.772268,110.37802
-7.772188,110.377748
-7.772185,110.377736
-7.772181,110.377724
-7.772173,110.377701
-7.772249,110.37796
-7.77217,110.377689
-7.772166,110.377678
-7.772163,110.377666
-7.772158,110.377644
-7.772231,110.377898
-7.772156,110.377633
-7.772155,110.377622
-7.772153,110.377612
-7.772152,110.377591
-7.772214,110.377835
-7.772151,110.377581
-7.772151,110.37757
-7.772152,110.37756
-7.772154,110.37754
-7.772196,110.377773
-7.772156,110.377531
-7.772158,110.377521
-7.772161,110.377511
-7.772168,110.377493
-7.772177,110.377713
-7.772172,110.377483
-7.772176,110.377474
-7.77218,110.377465
-7.772191,110.377448
-7.772161,110.377655
-7.772196,110.37744
-7.772202,110.377432
-7.772208,110.377424
-7.772222,110.377409
-7.772152,110.377601
-7.772229,110.377401
-7.772236,110.377394
-7.772244,110.377387
-7.77226,110.377375
-7.772153,110.37755
-7.772269,110.377368
-7.772277,110.377362
-7.772286,110.377357
-7.772306,110.377346
-7.772164,110.377502
-7.772316,110.377341
-7.772326,110.377337
-7.772337,110.377332
-7.77236,110.377324
-7.772185,110.377457
-7.772372,110.37732
-7.772384,110.377317
-7.772396,110.377313
-7.77242,110.377305
-7.772215,110.377416
-7.772433,110.377301
-7.772446,110.377297
-7.772459,110.377293
-7.772486,110.377285
-7.772252,110.377381
-7.772499,110.377281
-7.772513,110.377277
-7.772528,110.377272
-7.772557,110.377264
-7.772296,110.377351
-7.772572,110.377259
-7.772587,110.377255
-7.772602,110.37725
-7.772633,110.377241
-7.772348,110.377328
-7.772649,110.377236
-7.772664,110.377232
-7.77268,110.377227
-7.772713,110.377218
-7.772408,110.377309
-7.772729,110.377213
-7.772746,110.377209
-7.772763,110.377204
-7.772797,110.377194
-7.772472,110.377289
-7.772814,110.377189
-7.772831,110.377183
-7.772849,110.377178
-7.772884,110.377168
-7.772542,110.377268
-7.772902,110.377163
-7.772919,110.377157
-7.772937,110.377152
-7.772973,110.377141
-7.772617,110.377246
-7.772991,110.377136
-7.773008,110.37713
-7.773026,110.377124
-7.773062,110.377113
-7.772697,110.377223
-7.773081,110.377108
-7.773099,110.377102
-7.773118,110.377096
-7.773155,110.377085
-7.77278,110.377199
-7.773173,110.377079
-7.773192,110.377073
-7.773211,110.377067
-7.773249,110.377056
-7.772866,110.377173
-7.773268,110.37705
-7.773287,110.377044
-7.773307,110.377038
-7.773346,110.377027
-7.772955,110.377147
-7.773365,110.377021
-7.773385,110.377015
-7.773404,110.377009
-7.773444,110.376998
-7.773044,110.377119
-7.773463,110.376992
-7.773483,110.376986
-7.773502,110.37698
-7.773542,110.376968
-7.773136,110.37709
-7.773561,110.376962
-7.773581,110.376956
-7.7736,110.37695
-7.773639,110.376938
-7.77323,110.377062
-7.773659,110.376933
-7.773678,110.376927
-7.773697,110.376921
-7.773736,110.376909
-7.773326,110.377033
-7.773755,110.376903
-7.773775,110.376897
-7.773794,110.376891
-7.773832,110.376879
-7.773424,110.377004
-7.773852,110.376873
-7.773871,110.376867
-7.773891,110.37686
-7.773929,110.376848
-7.773522,110.376974
-7.773949,110.376842
-7.773968,110.376836
-7.773988,110.37683
-7.774027,110.376818
-7.77362,110.376944
-7.774046,110.376812
-7.774066,110.376805
-7.774085,110.376799
-7.774124,110.376787
-7.773717,110.376915
-7.774144,110.376781
-7.774164,110.376775
-7.774183,110.376769
-7.774222,110.376757
-7.773813,110.376885
-7.774242,110.376751
-7.774261,110.376745
-7.774281,110.376739
-7.77432,110.376728
-7.77391,110.376854
-7.774339,110.376722
-7.774359,110.376716
-7.774378,110.37671
-7.774418,110.376698
-7.774007,110.376824
-7.774437,110.376693
-7.774456,110.376687
-7.774476,110.376681
-7.774515,110.376669
-7.774105,110.376793
-7.774534,110.376663
-7.774553,110.376657
-7.774572,110.376651
-7.774611,110.376639
-7.774203,110.376763
-7.77463,110.376633
-7.774649,110.376627
-7.774669,110.376621
-7.774707,110.376609
-7.7743,110.376733
-7.774726,110.376603
-7.774745,110.376597
-7.774764,110.376592
-7.774803,110.37658
-7.774398,110.376704
-7.774822,110.376574
-7.77484,110.376567
-7.774859,110.376561
-7.774897,110.376549
-7.774495,110.376675
-7.774915,110.376543
-7.774934,110.376537
-7.774952,110.376531
-7.774988,110.37652
-7.774592,110.376645
-7.775005,110.376515
-7.775022,110.37651
-7.775039,110.376504
-7.775073,110.376495
-7.774688,110.376615
-7.77509,110.37649
-7.775107,110.376485
-7.775124,110.376481
-7.775157,110.376472
-7.774784,110.376586
-7.775173,110.376467
-7.77519,110.376463
-7.775207,110.376459
-7.77524,110.376451
-7.774878,110.376555
-7.775256,110.376447
-7.775273,110.376443
-7.775289,110.376439
-7.775322,110.376431
-7.77497,110.376526
-7.775338,110.376427
-7.775354,110.376423
-7.77537,110.376419
-7.775401,110.376411
-7.775056,110.376499
-7.775416,110.376407
-7.775432,110.376404
-7.775447,110.3764
-7.775477,110.376392
-7.77514,110.376476
-7.775492,110.376388
-7.775507,110.376384
-7.775522,110.37638
-7.775552,110.376373
-7.775223,110.376455
-7.775566,110.376369
-7.775581,110.376365
-7.775595,110.376361
-7.775622,110.376354
-7.775306,110.376435
-7.775635,110.37635
-7.775648,110.376347
-7.775661,110.376343
-7.775687,110.376336
-7.775385,110.376415
-7.775699,110.376332
-7.775711,110.376329
-7.775723,110.376326
-7.775746,110.376319
-7.775462,110.376396
-7.775757,110.376316
-7.775767,110.376313
-7.775777,110.376311
-7.775797,110.376305
-7.775537,110.376377
-7.775807,110.376302
-7.775817,110.3763
-7.775827,110.376298
-7.775847,110.376294
-7.775608,110.376358
-7.775857,110.376293
-7.775867,110.376292
-7.775877,110.376291
-7.775897,110.376291
-7.775674,110.37634
-7.775907,110.376292
-7.775917,110.376293
-7.775927,110.376294
-7.775946,110.376298
-7.775735,110.376322
-7.775955,110.376301
-7.775964,110.376304
-7.775973,110.376308
-7.77599,110.376317
-7.775787,110.376308
-7.775999,110.376322
-7.776006,110.376328
-7.776013,110.376334
-7.776027,110.376348
-7.775837,110.376296
-7.776033,110.376355
-7.776039,110.376363
-7.776044,110.376371
-7.776054,110.376388
-7.775887,110.376291
-7.776058,110.376397
-7.776062,110.376406
-7.776066,110.376416
-7.776072,110.376436
-7.775936,110.376296
-7.776074,110.376447
-7.776077,110.376457
-7.776079,110.376468
-7.776084,110.37649
-7.775982,110.376312
-7.776086,110.376502
-7.776087,110.376513
-7.776088,110.376525
-7.776091,110.37655
-7.77602,110.376341
-7.776092,110.376562
-7.776092,110.376574
-7.776093,110.376587
-7.776094,110.376611
-7.776049,110.376379
-7.776095,110.376623
-7.776096,110.376636
-7.776096,110.376648
-7.776098,110.376672
-7.776069,110.376426
-7.776098,110.376684
-7.776099,110.376696
-7.7761,110.376708
-7.776101,110.376731
-7.776082,110.376479
-7.776101,110.376742
-7.776102,110.376754
-7.776102,110.376765
-7.776103,110.376786
-7.77609,110.376538
-7.776103,110.376797
-7.776104,110.376807
-7.776104,110.376817
-7.776105,110.376837
-7.776094,110.376599
-7.776105,110.376847
-7.776106,110.376857
-7.776106,110.376867
-7.776107,110.376887
-7.776097,110.37666
-7.776107,110.376897
-7.776107,110.376907
-7.776108,110.376917
-7.776108,110.376937
-7.7761,110.376719
-7.776109,110.376947
-7.776109,110.376957
-7.776109,110.376968
-7.77611,110.376989
-7.776103,110.376776
-7.77611,110.377
-7.77611,110.37701
-7.776109,110.377021
-7.77611,110.377044
-7.776104,110.376827
-7.77611,110.377055
-7.77611,110.377067
-7.77611,110.377078
-7.77611,110.377102
-7.776106,110.376877
-7.77611,110.377114
-7.77611,110.377126
-7.77611,110.377138
-7.77611,110.377162
-7.776108,110.376927
-7.776111,110.377174
-7.776111,110.377187
-7.776111,110.377199
-7.776111,110.377224
-7.776109,110.376978
-7.776112,110.377237
-7.776112,110.37725
-7.776113,110.377263
-7.776114,110.377289
-7.776109,110.377033
-7.776115,110.377303
-7.776115,110.377317
-7.776116,110.377331
-7.776118,110.377359
-7.77611,110.37709
-7.776119,110.377373
-7.776119,110.377388
-7.77612,110.377403
-7.776122,110.377434
-7.77611,110.37715
-7.776122,110.377449
-7.776123,110.377465
-7.776124,110.37748
-7.776126,110.377512
-7.776111,110.377212
-7.776126,110.377528
-7.776127,110.377544
-7.776128,110.377561
-7.77613,110.377594
-7.776113,110.377276
-7.77613,110.37761
-7.776131,110.377627
-7.776132,110.377644
-7.776133,110.377678
-7.776117,110.377345
-7.776134,110.377695
-7.776135,110.377713
-7.776136,110.37773
-7.776138,110.377764
-7.776121,110.377418
-7.776139,110.377782
-7.77614,110.377799
-7.776141,110.377817
-7.776144,110.377851
-7.776125,110.377496
-7.776145,110.377869
-7.776146,110.377886
-7.776148,110.377903
-7.77615,110.377938
-7.776129,110.377577
-7.776151,110.377955
-7.776152,110.377972
-7.776154,110.377989
-7.776157,110.378023
-7.776132,110.377661
-7.776158,110.37804
-7.776159,110.378056
-7.77616,110.378073
-7.776162,110.378106
-7.776137,110.377747
-7.776164,110.378122
-7.776165,110.378138
-7.776165,110.378154
-7.776167,110.378186
-7.776143,110.377834
-7.776167,110.378202
-7.776168,110.378218
-7.776168,110.378234
-7.776169,110.378266
-7.776149,110.377921
-7.776169,110.378281
-7.77617,110.378297
-7.776171,110.378313
-7.776172,110.378345
-7.776155,110.378006
-7.776172,110.378361
-7.776173,110.378377
-7.776174,110.378393
-7.776175,110.378425
-7.776161,110.37809
-7.776176,110.378441
-7.776177,110.378457
-7.776178,110.378473
-7.77618,110.378505
-7.776166,110.37817
-7.776181,110.378521
-7.776182,110.378538
-7.776183,110.378554
-7.776184,110.378587
-7.776169,110.37825
-7.776185,110.378603
-7.776186,110.378619
-7.776187,110.378636
-7.776189,110.378669
-7.776171,110.378329
-7.77619,110.378686
-7.776191,110.378702
-7.776192,110.378719
-7.776193,110.378753
-7.776175,110.378409
-7.776195,110.378769
-7.776196,110.378786
-7.776197,110.378803
-7.776199,110.378836
-7.776179,110.378489
-7.7762,110.378853
-7.776201,110.37887
-7.776202,110.378887
-7.776204,110.378921
-7.776183,110.37857
-7.776205,110.378938
-7.776206,110.378955
-7.776207,110.378972
-7.776209,110.379006
-7.776188,110.378653
-7.776209,110.379023
-7.77621,110.37904
-7.776211,110.379057
-7.776212,110.379091
-7.776192,110.378736
-7.776213,110.379108
-7.776213,110.379125
-7.776214,110.379142
-7.776216,110.379176
-7.776198,110.37882
-7.776216,110.379193
-7.776217,110.37921
-7.776218,110.379226
-7.77622,110.37926
-7.776203,110.378904
-7.776221,110.379277
-7.776222,110.379294
-7.776223,110.379311
-7.776227,110.379345
-7.776208,110.378989
-7.776229,110.379362
-7.776232,110.379378
-7.776235,110.379395
-7.776242,110.379427
-7.776211,110.379074
-7.776245,110.379443
-7.77625,110.379459
-7.776254,110.379475
-7.776263,110.379506
-7.776215,110.379159
-7.776268,110.379521
-7.776272,110.379536
-7.776277,110.37955
-7.776286,110.379579
-7.776219,110.379243
-7.776291,110.379593
-7.776296,110.379607
-7.776301,110.379621
-7.776309,110.379649
-7.776225,110.379328
-7.776314,110.379663
-7.776318,110.379677
-7.776322,110.379691
-7.776329,110.379718
-7.776238,110.379411
-7.776332,110.379732
-7.776335,110.379746
-7.776337,110.37976
-7.776341,110.379787
-7.776258,110.379491
-7.776342,110.379801
-7.776343,110.379815
-7.776342,110.379828
-7.776341,110.379855
-7.776281,110.379565
-7.776339,110.379868
-7.776337,110.379882
-7.776334,110.379894
-7.776326,110.379919
-7.776305,110.379635
-7.776321,110.379931
-7.776315,110.379943
-7.776309,110.379955
-7.776295,110.379977
-7.776326,110.379705
-7.776288,110.379987
-7.776279,110.379997
-7.77627,110.380007
-7.776251,110.380025
-7.776339,110.379774
-7.776241,110.380033
-7.77623,110.380041
-7.776219,110.380048
-7.776197,110.380063
-7.776342,110.379842
-7.776185,110.38007
-7.776173,110.380077
-7.776161,110.380083
-7.776137,110.380097
-7.77633,110.379907
-7.776124,110.380103
-7.776111,110.38011
-7.776098,110.380116
-7.776071,110.380129
-7.776303,110.379966
-7.776057,110.380134
-7.776043,110.38014
-7.776029,110.380146
-7.776,110.380157
-7.776261,110.380016
-7.775985,110.380163
-7.77597,110.380168
-7.775955,110.380174
-7.775925,110.380185
-7.776208,110.380056
-7.77591,110.380191
-7.775895,110.380196
-7.775879,110.380202
-7.775848,110.380213
-7.776149,110.38009
-7.775832,110.380219
-7.775816,110.380224
-7.7758,110.38023
-7.775768,110.380242
-7.776084,110.380122
-7.775752,110.380248
-7.775735,110.380253
-7.775719,110.380259
-7.775686,110.380269
-7.776014,110.380151
-7.775669,110.380275
-7.775653,110.38028
-7.775636,110.380286
-7.775604,110.380297
-7.77594,110.380179
-7.775587,110.380303
-7.775571,110.380308
-7.775555,110.380313
-7.775524,110.380323
-7.775864,110.380208
-7.775508,110.380329
-7.775493,110.380333
-7.775477,110.380338
-7.775447,110.380348
-7.775784,110.380235
-7.775432,110.380354
-7.775417,110.380358
-7.775402,110.380363
-7.775372,110.380372
-7.775702,110.380264
-7.775357,110.380377
-7.775342,110.380381
-7.775327,110.380386
-7.775297,110.380395
-7.77562,110.380292
-7.775282,110.3804
-7.775267,110.380405
-7.775252,110.38041
-7.775221,110.38042
-7.775539,110.380318
-7.775206,110.380425
-7.775191,110.380429
-7.775175,110.380434
-7.775144,110.380444
-7.775462,110.380343
-7.775129,110.380448
-7.775113,110.380453
-7.775098,110.380458
-7.775067,110.380468
-7.775387,110.380367
-7.775051,110.380473
-7.775036,110.380478
-7.77502,110.380483
-7.77499,110.380493
-7.775312,110.380391
-7.774975,110.380498
-7.774959,110.380503
-7.774944,110.380508
-7.774913,110.380518
-7.775237,110.380415
-7.774897,110.380523
-7.774882,110.380529
-7.774866,110.380534
-7.774836,110.380543
-7.77516,110.380438
-7.77482,110.380549
-7.774804,110.380554
-7.774789,110.380559
-7.774757,110.38057
-7.775082,110.380463
-7.774741,110.380576
-7.774726,110.380581
-7.774709,110.380586
-7.774677,110.380598
-7.775005,110.380488
-7.774661,110.380603
-7.774645,110.380609
-7.774629,110.380615
-7.774597,110.380626
-7.774928,110.380513
-7.774581,110.380632
-7.774565,110.380637
-7.774549,110.380643
-7.774516,110.380655
-7.774851,110.380539
-7.7745,110.380661
-7.774485,110.380667
-7.774469,110.380672
-7.774436,110.380684
-7.774773,110.380564
-7.77442,110.38069
-7.774402,110.380696
-7.774386,110.380703
-7.774353,110.380716
-7.774693,110.380592
-7.774336,110.380723
-7.774319,110.380729
-7.774302,110.380736
-7.774268,110.38075
-7.774613,110.38062
-7.774251,110.380757
-7.774234,110.380764
-7.774216,110.380771
-7.774181,110.380785
-7.774532,110.380649
-7.774164,110.380792
-7.774146,110.380799
-7.774129,110.380806
-7.774093,110.380821
-7.774453,110.380678
-7.774075,110.380828
-7.774058,110.380835
-7.77404,110.380843
-7.774004,110.380857
-7.774369,110.380709
-7.773986,110.380865
-7.773968,110.380872
-7.77395,110.38088
-7.773916,110.380895
-7.774285,110.380743
-7.773898,110.380902
-7.77388,110.38091
-7.773863,110.380917
-7.773828,110.380933
-7.774199,110.380778
-7.77381,110.380941
-7.773793,110.380948
-7.773775,110.380956
-7.77374,110.380972
-7.774111,110.380813
-7.773723,110.38098
-7.773706,110.380988
-7.773689,110.380995
-7.773654,110.381011
-7.774022,110.38085
-7.773637,110.381019
-7.773619,110.381027
-7.773602,110.381035
-7.773567,110.38105
-7.77355,110.381058
-7.773532,110.381066
-7.773515,110.381073
-7.773482,110.381089
-7.773845,110.380925
-7.773465,110.381097
-7.773448,110.381105
-7.773431,110.381113
-7.773398,110.381128
-7.773758,110.380964
-7.773381,110.381136
-7.773364,110.381145
-7.773348,110.381152
-7.773315,110.381168
-7.773671,110.381003
-7.773299,110.381176
-7.773283,110.381183
-7.773267,110.38119
-7.773235,110.381205
-7.773584,110.381042
-7.773219,110.381212
-7.773203,110.381219
-7.773187,110.381227
-7.773155,110.381241
-7.773498,110.381081
-7.773139,110.381248
-7.773124,110.381255
-7.773109,110.381262
-7.773078,110.381276
-7.773414,110.38112
-7.773062,110.381283
-7.773047,110.38129
-7.773032,110.381296
-7.773001,110.381309
-7.773332,110.38116
-7.772986,110.381315
-7.772971,110.381321
-7.772956,110.381327
-7.772926,110.381339
-7.773251,110.381197
-7.772911,110.381344
-7.772896,110.38135
-7.772881,110.381355
-7.772852,110.381365
-7.773171,110.381234
-7.772837,110.38137
-7.772822,110.381375
-7.772808,110.381379
-7.772778,110.381387
-7.773093,110.381269
-7.772764,110.381391
-7.772749,110.381395
-7.772735,110.381399
-7.772706,110.381405
-7.773016,110.381303
-7.772691,110.381408
-7.772677,110.381411
-7.772662,110.381414
-7.772633,110.38142
-7.772941,110.381333
-7.772619,110.381423
-7.772605,110.381426
-7.77259,110.381428
-7.772561,110.381433
-7.772867,110.38136
-7.772547,110.381435
-7.772533,110.381438
-7.772519,110.381441
-7.772492,110.381446
-7.772793,110.381383
-7.772479,110.381449
-7.772466,110.381453
-7.772453,110.381456
-7.772429,110.381463
-7.77272,110.381402
-7.772417,110.381467
-7.772406,110.381471
-7.772395,110.381476
-7.772376,110.381487
-7.772648,110.381417
-7.772367,110.381493
-7.772359,110.381499
-7.772351,110.381506
-7.772337,110.381519
-7.772576,110.381431
-7.772331,110.381526
-7.772325,110.381534
-7.77232,110.381542
-7.772311,110.381558
-7.772506,110.381443
-7.772307,110.381566
-7.772304,110.381575
-7.772301,110.381584
-7.772298,110.381603
-7.772441,110.381459
-7.772297,110.381612
-7.772297,110.381622
-7.772297,110.381632
-7.772299,110.381652
-7.772385,110.381482
-7.7723,110.381663
-7.772302,110.381673
-7.772304,110.381684
-7.772309,110.381706
-7.772344,110.381512
-7.772311,110.381717
-7.772314,110.381728
-7.772317,110.38174
-7.772323,110.381764
-7.772315,110.38155
-7.772327,110.381776
-7.77233,110.381789
-7.772333,110.381802
-7.77234,110.381828
-7.772299,110.381593
-7.772344,110.381841
-7.772347,110.381855
-7.772351,110.381869
-7.772358,110.381897
-7.772298,110.381642
-7.772362,110.381911
-7.772365,110.381925
-7.772368,110.38194
-7.772375,110.381969
-7.772306,110.381695
-7.772379,110.381984
-7.772383,110.381999
-7.772387,110.382014
-7.772395,110.382044
-7.77232,110.381752
-7.772398,110.382059
-7.772402,110.382075
-7.772406,110.38209
-7.772415,110.382122
-7.772337,110.381815
-7.772419,110.382138
-7.772422,110.382154
-7.772426,110.38217
-7.772434,110.382202
-7.772355,110.381883
-7.772438,110.382218
-7.772441,110.382234
-7.772444,110.38225
-7.772452,110.382281
-7.772372,110.381954
-7.772455,110.382297
-7.772459,110.382312
-7.772462,110.382328
-7.772469,110.382359
-7.772391,110.382029
-7.772472,110.382374
-7.772475,110.382389
-7.772478,110.382404
-7.772484,110.382434
-7.77241,110.382106
-7.772487,110.382449
-7.772489,110.382464
-7.772491,110.382478
-7.772492,110.382507
-7.77243,110.382186
-7.772492,110.38252
-7.772491,110.382534
-7.772489,110.382547
-7.772483,110.382571
-7.772448,110.382265
-7.772478,110.382583
-7.772473,110.382594
-7.772467,110.382605
-7.772453,110.382625
-7.772465,110.382343
-7.772446,110.382634
-7.772437,110.382642
-7.772428,110.38265
-7.772408,110.382663
-7.772481,110.382419
-7.772398,110.382669
-7.772388,110.382674
-7.772376,110.382678
-7.772354,110.382687
-7.772492,110.382492
-7.772342,110.382691
-7.77233,110.382695
-7.772318,110.382699
-7.772294,110.382708
-7.772486,110.382559
-7.772282,110.382712
-7.772269,110.382717
-7.772257,110.382721
-7.772231,110.38273
-7.772461,110.382616
-7.772218,110.382734
-7.772205,110.382739
-7.772192,110.382744
-7.772165,110.382753
-7.772418,110.382657
-7.772152,110.382758
-7.772138,110.382763
-7.772124,110.382768
-7.772095,110.382778
-7.772365,110.382683
-7.772081,110.382784
-7.772067,110.38279
-7.772053,110.382796
-7.772024,110.382809
-7.772306,110.382703
-7.77201,110.382817
-7.771995,110.382824
-7.771981,110.382832
-7.771952,110.382849
-7.772244,110.382726
-7.771937,110.382858
-7.771922,110.382867
-7.771908,110.382877
-7.771879,110.382897
-7.772178,110.382748
-7.771865,110.382908
-7.771851,110.382918
-7.771837,110.382929
-7.771809,110.38295
-7.77211,110.382773
-7.771795,110.382961
-7.771781,110.382972
-7.771767,110.382983
-7.771738,110.383005
-7.772039,110.382802
-7.771724,110.383016
-7.77171,110.383027
-7.771697,110.383037
-7.77167,110.383058
-7.771966,110.38284
-7.771657,110.383068
-7.771644,110.383079
-7.771631,110.383088
-7.771605,110.383107
-7.771894,110.382887
-7.771592,110.383116
-7.771579,110.383124
-7.771566,110.383133
-7.771539,110.383148
-7.771823,110.38294
-7.771525,110.383155
-7.771512,110.383161
-7.771498,110.383168
-7.771472,110.38318
-7.771753,110.382994
-7.771458,110.383186
-7.771444,110.38319
-7.77143,110.383195
-7.771402,110.383203
-7.771683,110.383048
-7.771388,110.383206
-7.771373,110.383209
-7.771359,110.383211
-7.771329,110.383214
-7.771618,110.383097
-7.771315,110.383215
-7.7713,110.383216
-7.771285,110.383216
-7.771255,110.383217
-7.771552,110.383141
-7.77124,110.383217
-7.771225,110.383217
-7.77121,110.383217
-7.771179,110.383217
-7.771485,110.383175
-7.771164,110.383216
-7.771148,110.383215
-7.771133,110.383215
-7.771101,110.383213
-7.771416,110.383199
-7.771085,110.383212
-7.77107,110.38321
-7.771054,110.383208
-7.771022,110.383205
-7.771344,110.383213
-7.771007,110.383203
-7.770991,110.3832
-7.770975,110.383198
-7.770943,110.383192
-7.77127,110.383217
-7.770928,110.383189
-7.770912,110.383186
-7.770896,110.383183
-7.770865,110.383177
-7.771195,110.383217
-7.770849,110.383173
-7.770833,110.38317
-7.770818,110.383167
-7.770787,110.383163
-7.771117,110.383214
-7.770771,110.383161
-7.770756,110.383159
-7.77074,110.383157
-7.770709,110.383155
-7.771038,110.383206
-7.770693,110.383155
-7.770678,110.383155
-7.770662,110.383156
-7.770631,110.383158
-7.770959,110.383195
-7.770616,110.38316
-7.770601,110.383163
-7.770586,110.383166
-7.770557,110.383172
-7.77088,110.38318
-7.770543,110.383176
-7.77053,110.38318
-7.770516,110.383184
-7.770491,110.383192
-7.770802,110.383165
-7.77048,110.383196
-7.770468,110.3832
-7.770457,110.383204
-7.770437,110.383212
-7.770724,110.383156
-7.770427,110.383215
-7.770418,110.383219
-7.770409,110.383222
-7.770392,110.383228
-7.770647,110.383157
-7.770385,110.383231
-7.770378,110.383233
-7.770371,110.383236
-7.770358,110.38324
-7.770571,110.383169
-7.770353,110.383242
-7.770347,110.383244
-7.770341,110.383246
-7.77033,110.38325
-7.770504,110.383188
-7.770325,110.383252
-7.770319,110.383254
-7.770313,110.383256
-7.770302,110.38326
-7.770447,110.383208
-7.770297,110.383262
-7.770291,110.383264
-7.770285,110.383266
-7.770273,110.383271
-7.770401,110.383225
-7.770267,110.383273
-7.77026,110.383275
-7.770254,110.383278
-7.77024,110.383283
-7.770364,110.383239
-7.770232,110.383286
-7.770225,110.383289
-7.770217,110.383292
-7.770201,110.383299
-7.770336,110.383248
-7.770192,110.383303
-7.770184,110.383307
-7.770175,110.383311
-7.770157,110.383321
-7.770308,110.383258
-7.770149,110.383326
-7.77014,110.383332
-7.770131,110.383338
-7.770115,110.383352
-7.770279,110.383269
-7.770107,110.383359
-7.770099,110.383367
-7.770091,110.383374
-7.770077,110.383391
-7.770247,110.383281
-7.770071,110.383399
-7.770066,110.383408
-7.77006,110.383416
-7.770052,110.383433
-7.770209,110.383296
-7.770049,110.383442
-7.770046,110.38345
-7.770044,110.383458
-7.77004,110.383475
-7.770166,110.383316
-7.770039,110.383482
-7.770038,110.38349
-7.770038,110.383497
-7.770038,110.383511
-7.770123,110.383345
-7.770039,110.383517
-7.770039,110.383522
-7.77004,110.383528
-7.770041,110.383538
-7.770084,110.383382
-7.770042,110.383542
-7.770042,110.383546
-7.770043,110.38355
-7.770044,110.383556
-7.770056,110.383425
-7.770045,110.383559
-7.770045,110.383563
-7.770046,110.383566
-7.770048,110.383572
-7.770042,110.383467
-7.770049,110.383576
-7.770049,110.383579
-7.77005,110.383582
-7.770052,110.383589
-7.770038,110.383504
-7.770053,110.383593
-7.770054,110.383596
-7.770055,110.383601
-7.770058,110.38361
-7.77004,110.383533
-7.77006,110.383615
-7.770061,110.383621
-7.770063,110.383627
-7.770067,110.383641
-7.770044,110.383553
-7.770069,110.383648
-7.770071,110.383656
-7.770074,110.383663
-7.770079,110.38368
-7.770047,110.383569
-7.770082,110.383689
-7.770085,110.383698
-7.770088,110.383707
-7.770094,110.383726
-7.770051,110.383586
-7.770097,110.383736
-7.7701,110.383746
-7.770104,110.383757
-7.77011,110.383779
-7.770057,110.383605
-7.770114,110.38379
-7.770118,110.383801
-7.770122,110.383813
-7.77013,110.383837
-7.770065,110.383634
-7.770134,110.383849
-7.770138,110.383862
-7.770142,110.383875
-7.770151,110.383902
-7.770076,110.383672
-7.770155,110.383915
-7.770159,110.38393
-7.770163,110.383944
-7.770172,110.383973
-7.770091,110.383717
-7.770176,110.383989
-7.770181,110.384004
-7.770186,110.38402
-7.770197,110.384051
-7.770107,110.383768
-7.770203,110.384067
-7.770208,110.384084
-7.770214,110.384101
-7.770224,110.384135
-7.770126,110.383825
-7.77023,110.384151
-7.770235,110.384169
-7.770241,110.384186
-7.770252,110.384221
-7.770146,110.383888
-7.770258,110.384238
-7.770264,110.384256
-7.77027,110.384274
-7.770282,110.384309
-7.770168,110.383958
-7.770288,110.384327
-7.770294,110.384344
-7.7703,110.384362
-7.770312,110.384397
-7.770192,110.384036
-7.770317,110.384415
-7.770323,110.384432
-7.770329,110.38445
-7.77034,110.384486
-7.770219,110.384117
-7.770345,110.384504
-7.77035,110.384521
-7.770355,110.384539
-7.770363,110.384575
-7.770247,110.384203
-7.770367,110.384593
-7.77037,110.384611
-7.770372,110.384629
-7.770376,110.384665
-7.770276,110.384291
-7.770377,110.384683
-7.770378,110.384701
-7.770379,110.384719
-7.770379,110.384755
-7.770306,110.384379
-7.770378,110.384773
-7.770377,110.38479
-7.770376,110.384808
-7.770372,110.384844
-7.770335,110.384468
-7.77037,110.384862
-7.770367,110.384879
-7.770364,110.384897
-7.770357,110.384931
-7.770359,110.384557
-7.770353,110.384948
-7.77035,110.384965
-7.770346,110.384982
-7.77034,110.385016
-7.770374,110.384647
-7.770336,110.385032
-7.770334,110.385049
-7.770331,110.385065
-7.770328,110.385098
-7.770379,110.384737
-7.770328,110.385115
-7.770327,110.385131
-7.770327,110.385147
-7.770329,110.385178
-7.770374,110.384826
-7.77033,110.385194
-7.770333,110.385209
-7.770335,110.385225
-7.770343,110.385255
-7.770361,110.384914
-7.770346,110.385269
-7.77035,110.385284
-7.770354,110.385299
-7.770363,110.385328
-7.770343,110.384999
-7.770367,110.385343
-7.770372,110.385357
-7.770377,110.385372
-7.770386,110.385401
-7.77033,110.385082
-7.770391,110.385416
-7.770396,110.385431
-7.770401,110.385447
-7.770412,110.385477
-7.770328,110.385163
-7.770417,110.385493
-7.770422,110.385508
-7.770428,110.385524
-7.770439,110.385555
-7.770339,110.38524
-7.770444,110.385571
-7.770449,110.385587
-7.770455,110.385603
-7.770466,110.385635
-7.770358,110.385313
-7.770471,110.385652
-7.770477,110.385669
-7.770482,110.385685
-7.770493,110.385719
-7.770381,110.385387
-7.770499,110.385736
-7.770505,110.385754
-7.770511,110.385771
-7.770522,110.385807
-7.770407,110.385462
-7.770528,110.385825
-7.770533,110.385843
-7.770539,110.385861
-7.770551,110.385898
-7.770433,110.385539
-7.770557,110.385916
-7.770563,110.385935
-7.770569,110.385953
-7.770581,110.38599
-7.77046,110.385619
-7.770587,110.386009
-7.770593,110.386027
-7.770599,110.386046
-7.770611,110.386082
-7.770488,110.385702
-7.770617,110.3861
-7.770622,110.386118
-7.770628,110.386136
-7.770641,110.386171
-7.770516,110.385789
-7.770647,110.386189
-7.770653,110.386206
-7.770659,110.386224
-7.77067,110.386257
-7.770545,110.385879
-7.770675,110.386274
-7.77068,110.38629
-7.770685,110.386306
-7.770694,110.386338
-7.770575,110.385972
-7.770699,110.386354
-7.770703,110.386369
-7.770706,110.386384
-7.770713,110.386413
-7.770605,110.386064
-7.770716,110.386427
-7.770719,110.386441
-7.770721,110.386455
-7.770724,110.38648
-7.770635,110.386154
-7.770725,110.386493
-7.770725,110.386506
-7.770724,110.386518
-7.770721,110.386543
-7.770664,110.386241
-7.770719,110.386555
-7.770716,110.386566
-7.770712,110.386578
-7.770702,110.3866
-7.77069,110.386322
-7.770697,110.38661
-7.770691,110.38662
-7.770684,110.38663
-7.770669,110.386648
-7.77071,110.386399
-7.770661,110.386657
-7.770653,110.386667
-7.770644,110.386675
-7.770626,110.386692
-7.770722,110.386468
-7.770616,110.3867
-7.770605,110.386708
-7.770595,110.386715
-7.770572,110.386729
-7.770723,110.386531
-7.77056,110.386736
-7.770549,110.386742
-7.770536,110.386747
-7.770511,110.386757
-7.770707,110.386589
-7.770498,110.386762
-7.770485,110.386768
-7.770472,110.386772
-7.770445,110.386781
-7.770677,110.386639
-7.770432,110.386786
-7.770418,110.38679
-7.770404,110.386795
-7.770376,110.386805
-7.770635,110.386684
-7.770362,110.38681
-7.770347,110.386814
-7.770333,110.38682
-7.770305,110.386829
-7.770583,110.386722
-7.77029,110.386834
-7.770276,110.386839
-7.770261,110.386844
-7.770232,110.386855
-7.770524,110.386753
-7.770217,110.38686
-7.770202,110.386865
-7.770186,110.38687
-7.770156,110.38688
-7.770458,110.386777
-7.770141,110.386885
-7.770126,110.38689
-7.770111,110.386895
-7.770083,110.386905
-7.77039,110.3868
-7.770068,110.386911
-7.770053,110.386917
-7.770038,110.386922
-7.770009,110.386931
-7.770319,110.386824
-7.769993,110.386935
-7.769978,110.38694
-7.769963,110.386945
-7.769932,110.386955
-7.770247,110.38685
-7.769917,110.38696
-7.769902,110.386965
-7.769887,110.386969
-7.769858,110.386979
-7.770171,110.386875
-7.769843,110.386983
-7.769829,110.386988
-7.769815,110.386993
-7.769788,110.387003
-7.770097,110.3869
-7.769774,110.387008
-7.769761,110.387013
-7.769747,110.387018
-7.76972,110.387026
-7.770024,110.386926
-7.769707,110.387031
-7.769694,110.387036
-7.769681,110.38704
-7.769669,110.387044
-7.769657,110.387048
-7.769948,110.38695
-7.769644,110.387052
-7.769632,110.387056
-7.76962,110.38706
-7.769608,110.387064
-7.769596,110.387068
-7.769872,110.386974
-7.769585,110.387072
-7.769574,110.387076
-7.769563,110.38708
-7.769553,110.387083
-7.769542,110.387087
-7.769802,110.386998
-7.769532,110.38709
-7.769522,110.387094
-7.769512,110.387097
-7.769503,110.3871
-7.769494,110.387103
-7.769733,110.387022
-7.769484,110.387106
-7.769475,110.387109
-7.769467,110.387112
-7.769459,110.387115
-7.769451,110.387118
-7.769443,110.38712
-7.769436,110.387123
-7.769429,110.387125
-7.769422,110.387128
-7.769416,110.38713
-7.769409,110.387132
-7.769403,110.387134
-7.769396,110.387136
-7.76939,110.387139
-7.769384,110.387141
-7.769378,110.387143
-7.769372,110.387145
-7.769366,110.387146
-7.769361,110.387148
-7.769355,110.38715
-7.769351,110.387151
-7.769346,110.387153
-7.769342,110.387154
-7.769339,110.387155
-7.769335,110.387157
-7.769332,110.387158
-7.769329,110.387159
-7.769327,110.387159
-7.769324,110.38716
-7.769322,110.387161
-7.76932,110.387162
-7.769318,110.387163
-7.769316,110.387164
-7.769314,110.387164
-7.769313,110.387165
-7.769311,110.387165
-7.76931,110.387166
-7.769309,110.387166
-7.769309,110.387166
-7.769308,110.387166
-7.769308,110.387167
-7.769308,110.387167
-7.769307,110.387167
-7.769307,110.387167
-7.769307,110.387167
-7.769307,110.387167
-7.769307,110.387167
-7.769307,110.387167
-7.769306,110.387167
-7.769306,110.387167
-7.769306,110.387167
-7.769306,110.387167
-7.769306,110.387167
-7.769306,110.387167
-7.769306,110.387167
-7.769305,110.387167
-7.769305,110.387167
-7.769305,110.387167
-7.769305,110.387167
-7.769305,110.387167
-7.769305,110.387167
-7.769305,110.387167
-7.769305,110.387167
-7.769305,110.387167
-7.769305,110.387167
-7.769305,110.387167
-7.769304,110.387167
-7.769304,110.387167
-7.769304,110.387167
-7.769303,110.387167
-7.769303,110.387167
-7.769303,110.387167
-7.769302,110.387167
-7.769301,110.387167
-7.769301,110.387167
-7.769301,110.387167
-7.7693,110.387167
-7.7693,110.387167
-7.769299,110.387167
-7.769299,110.387167
-7.769298,110.387167
-7.769298,110.387167
-7.769297,110.387167
-7.769297,110.387167
-7.769296,110.387167
-7.769296,110.387167
-7.769295,110.387167
-7.769294,110.387167
-7.769294,110.387167
-7.769293,110.387167
-7.769293,110.387166
-7.769292,110.387167
-7.769291,110.387167
-7.769291,110.387167
-7.76929,110.387167
-7.76929,110.387167
-7.769289,110.387166
-7.769288,110.387166
-7.769287,110.387167
-7.769287,110.387167
-7.769286,110.387167
-7.769286,110.387167
-7.769286,110.387167
-7.769286,110.387167
-7.769286,110.387167
-7.769286,110.387167
-7.769286,110.387167
-7.769286,110.387167
-7.769286,110.387167
-7.769286,110.387167
-7.769287,110.387167
-7.769287,110.387167
-7.769287,110.387166
-7.769287,110.387166
-7.769288,110.387166
-7.769288,110.387166
-7.769288,110.387165
-7.769288,110.387165
-7.769288,110.387165
-7.769289,110.387165
-7.769289,110.387165
-7.769289,110.387165
-7.769289,110.387164
-7.769289,110.387164
-7.769289,110.387164
-7.769289,110.387164
-7.769289,110.387163
-7.769289,110.387163
-7.769289,110.387163
-7.769289,110.387162
-7.769289,110.387162
-7.769289,110.387162
-7.769289,110.387162
-7.76929,110.387162
-7.76929,110.387162
-7.76929,110.387163
-7.769291,110.387163
-7.769291,110.387163
-7.769292,110.387164
-7.769292,110.387164
-7.769292,110.387164
-7.769292,110.387164
-7.769292,110.387164
-7.769292,110.387164
-7.769292,110.387164
-7.769292,110.387164
-7.769292,110.387164
-7.769293,110.387164
-7.769293,110.387164
-7.769293,110.387164
-7.769293,110.387164
-7.769292,110.387164
-7.769292,110.387164
-7.769292,110.387164
-7.769291,110.387164
-7.76929,110.387165
-7.769288,110.387164
-7.769285,110.387164
-7.769283,110.387164
-7.769281,110.387164
-7.769278,110.387164
-7.769275,110.387165
-7.769272,110.387165
-7.769268,110.387166
-7.769264,110.387167
-7.76926,110.387168
-7.769255,110.387169
-7.76925,110.38717
-7.769245,110.387172
-7.76924,110.387173
-7.769234,110.387174
-7.769228,110.387176
-7.769222,110.387178
-7.769217,110.38718
-7.76921,110.387182
-7.769204,110.387184
-7.769197,110.387186
-7.76919,110.387188
-7.769182,110.387191
-7.769174,110.387193
-7.769166,110.387196
-7.769157,110.387199
-7.769148,110.387202
-7.769139,110.387205
-7.769129,110.387208
-7.76912,110.387211
-7.76911,110.387215
-7.769101,110.387218
-7.769091,110.387222
-7.769081,110.387225
-7.76907,110.387229
-7.769059,110.387232
-7.769048,110.387236
-7.769037,110.38724
-7.769026,110.387243
-7.769015,110.387247
-7.769003,110.387251
-7.768991,110.387255
-7.768979,110.387259
-7.768967,110.387263
-7.768955,110.387267
-7.768943,110.387271
-7.768931,110.387275
-7.76892,110.387279
-7.768908,110.387283
-7.768897,110.387287
-7.768885,110.387291
-7.768874,110.387295
-7.768863,110.387299
-7.768852,110.387303
-7.768841,110.387307
-7.768831,110.387311
-7.768821,110.387314
-7.76881,110.387318
-7.7688,110.387321
-7.768791,110.387324
-7.768781,110.387328
-7.768771,110.387331
-7.768762,110.387335
-7.768753,110.387338
-7.768744,110.387341
-7.768735,110.387344
-7.768726,110.387347
-7.768717,110.387351
-7.768709,110.387354
-7.7687,110.387356
-7.768692,110.387359
-7.768684,110.387362
-7.768676,110.387364
-7.768668,110.387367
-7.76866,110.38737
-7.768653,110.387372
-7.768645,110.387375
-7.768638,110.387377
-7.768631,110.38738
-7.768623,110.387382
-7.768616,110.387385
-7.76861,110.387387
-7.768603,110.38739
-7.768596,110.387391
-7.768589,110.387393
-7.768582,110.387395
-7.768575,110.387397
-7.768568,110.387399
-7.768561,110.387401
-7.768555,110.387404
-7.768549,110.387406
-7.768543,110.387408
-7.768537,110.38741
-7.76853,110.387412
-7.768524,110.387413
-7.768517,110.387415
-7.76851,110.387417
-7.768504,110.387418
-7.768497,110.387419
-7.768491,110.387421
-7.768484,110.387422
-7.768477,110.387423
-7.768471,110.387424
-7.768464,110.387425
-7.768458,110.387426
-7.768451,110.387427
-7.768444,110.387429
-7.768438,110.38743
-7.768431,110.387432
-7.768425,110.387433
-7.768418,110.387435
-7.768411,110.387437
-7.768404,110.387439
-7.768397,110.38744
-7.76839,110.387442
-7.768383,110.387445
-7.768376,110.387447
-7.768368,110.387449
-7.768361,110.387452
-7.768354,110.387454
-7.768346,110.387456
-7.768339,110.387459
-7.768332,110.387461
-7.768324,110.387464
-7.768317,110.387466
-7.76831,110.387469
-7.768303,110.387472
-7.768297,110.387474
-7.76829,110.387477
-7.768283,110.38748
-7.768277,110.387482
-7.768271,110.387485
-7.768264,110.387488
-7.768258,110.38749
-7.768252,110.387493
-7.768246,110.387495
-7.76824,110.387498
-7.768234,110.3875
-7.768228,110.387502
-7.768222,110.387503
-7.768216,110.387504
-7.76821,110.387505
-7.768205,110.387507
-7.768199,110.387507
-7.768193,110.387508
-7.768188,110.387507
-7.768183,110.387507
-7.768178,110.387507
-7.768173,110.387506
-7.768168,110.387505
-7.768163,110.387504
-7.768158,110.387503
-7.768153,110.387501
-7.768147,110.387499
-7.768142,110.387497
-7.768137,110.387494
-7.768131,110.387492
-7.768126,110.387488
-7.768121,110.387484
-7.768116,110.387481
-7.768111,110.387476
-7.768106,110.387471
-7.768101,110.387466
-7.768096,110.387461
-7.768091,110.387455
-7.768087,110.387448
-7.768083,110.387441
-7.768079,110.387434
-7.768074,110.387427
-7.76807,110.387419
-7.768066,110.38741
-7.768062,110.387401
-7.768057,110.387393
-7.768053,110.387384
-7.768049,110.387374
-7.768044,110.387365
-7.768039,110.387355
-7.768034,110.387345
-7.76803,110.387334
-7.768025,110.387324
-7.76802,110.387312
-7.768016,110.387301
-7.768011,110.387289
-7.768007,110.387277
-7.768002,110.387265
-7.767997,110.387253
-7.767992,110.38724
-7.767987,110.387227
-7.767982,110.387214
-7.767977,110.3872
-7.767972,110.387187
-7.767967,110.387173
-7.767962,110.387159
-7.767957,110.387145
-7.767952,110.387131
-7.767947,110.387116
-7.767942,110.387101
-7.767937,110.387086
-7.767932,110.387071
-7.767926,110.387056
-7.767921,110.387041
-7.767916,110.387025
-7.76791,110.387009
-7.767905,110.386993
-7.767899,110.386977
-7.767894,110.386961
-7.767888,110.386945
-7.767883,110.386928
-7.767877,110.386912
-7.767871,110.386895
-7.767865,110.386879
-7.767859,110.386862
-7.767853,110.386845
-7.767847,110.386828
-7.767842,110.386811
-7.767836,110.386794
-7.76783,110.386777
-7.767823,110.38676
-7.767817,110.386743
-7.767811,110.386726
-7.767805,110.386709
-7.767799,110.386691
-7.767793,110.386674
-7.767786,110.386657
-7.76778,110.38664
-7.767774,110.386623
-7.767767,110.386606
-7.767761,110.386588
-7.767755,110.386571
-7.767749,110.386554
-7.767742,110.386536
-7.767736,110.386519
-7.767729,110.386501
-7.767723,110.386484
-7.767717,110.386466
-7.76771,110.386448
-7.767704,110.386431
-7.767697,110.386413
-7.767691,110.386396
-7.767684,110.386378
-7.767678,110.38636
-7.767672,110.386343
-7.767665,110.386325
-7.767659,110.386307
-7.767653,110.38629
-7.767646,110.386273
-7.76764,110.386256
-7.767633,110.386239
-7.767627,110.386222
-7.767621,110.386205
-7.767615,110.386188
-7.767609,110.386172
-7.767603,110.386156
-7.767597,110.386141
-7.767591,110.386125
-7.767585,110.38611
-7.76758,110.386096
-7.767574,110.386082
-7.767569,110.386068
-7.767564,110.386055
-7.767559,110.386043
-7.767555,110.386031
-7.76755,110.386021
-7.767547,110.386011
-7.767543,110.386002
-7.767539,110.385994
-7.767536,110.385986
-7.767533,110.385979
-7.767531,110.385973
-7.767528,110.385967
-7.767525,110.385961
-7.767522,110.385955
-7.76752,110.38595
-7.767518,110.385945
-7.767515,110.38594
-7.767513,110.385935
-7.767511,110.385931
-7.767509,110.385927
-7.767507,110.385922
-7.767505,110.385918
-7.767504,110.385914
-7.767502,110.385909
-7.7675,110.385904
-7.767497,110.3859
-7.767495,110.385894
-7.767493,110.385889
-7.767491,110.385884
-7.767488,110.385878
-7.767486,110.385872
-7.767483,110.385866
-7.76748,110.38586
-7.767477,110.385853
-7.767474,110.385847
-7.767471,110.38584
-7.767468,110.385833
-7.767465,110.385827
-7.767462,110.38582
-7.767459,110.385813
-7.767456,110.385806
-7.767452,110.385799
-7.767449,110.385791
-7.767446,110.385783
-7.767442,110.385775
-7.767439,110.385767
-7.767435,110.385759
-7.767432,110.38575
-7.767428,110.385741
-7.767425,110.385731
-7.767421,110.385722
-7.767417,110.385712
-7.767413,110.385702
-7.767409,110.385691
-7.767405,110.385681
-7.767401,110.385671
-7.767397,110.38566
-7.767393,110.385649
-7.767389,110.385639
-7.767385,110.385628
-7.76738,110.385617
-7.767376,110.385606
-7.767372,110.385595
-7.767367,110.385584
-7.767363,110.385573
-7.767358,110.385561
-7.767353,110.38555
-7.767349,110.385538
-7.767344,110.385526
-7.767339,110.385514
-7.767334,110.385503
-7.767329,110.385491
-7.767324,110.385478
-7.767318,110.385466
-7.767313,110.385454
-7.767308,110.385441
-7.767303,110.385429
-7.767298,110.385416
-7.767292,110.385404
-7.767287,110.385391
-7.767282,110.385378
-7.767277,110.385364
-7.767272,110.385351
-7.767267,110.385338
-7.767262,110.385324
-7.767257,110.38531
-7.767252,110.385297
-7.767247,110.385284
-7.767242,110.38527
-7.767237,110.385256
-7.767232,110.385243
-7.767227,110.385229
-7.767223,110.385216
-7.767218,110.385202
-7.767214,110.385188
-7.76721,110.385174
-7.767206,110.38516
-7.767201,110.385147
-7.767197,110.385134
-7.767192,110.385121
-7.767188,110.385108
-7.767183,110.385095
-7.767179,110.385082
-7.767174,110.385069
-7.76717,110.385056
-7.767165,110.385042
-7.767161,110.385029
-7.767157,110.385016
-7.767152,110.385004
-7.767148,110.384991
-7.767144,110.384978
-7.767139,110.384965
-7.767135,110.384953
-7.76713,110.38494
-7.767126,110.384927
-7.767121,110.384915
-7.767117,110.384902
-7.767112,110.38489
-7.767107,110.384878
-7.767103,110.384866
-7.767098,110.384854
-7.767093,110.384842
-7.767088,110.384829
-7.767084,110.384817
-7.767079,110.384805
-7.767074,110.384793
-7.767069,110.384781
-7.767065,110.384769
-7.76706,110.384757
-7.767056,110.384745
-7.767052,110.384733
-7.767047,110.38472
-7.767043,110.384709
-7.767039,110.384697
-7.767034,110.384685
-7.76703,110.384673
-7.767025,110.384661
-7.767021,110.384649
-7.767017,110.384638
-7.767012,110.384626
-7.767008,110.384614
-7.767004,110.384603
-7.767,110.384591
-7.766996,110.384579
-7.766991,110.384568
-7.766987,110.384556
-7.766983,110.384545
-7.766979,110.384533
-7.766974,110.384522
-7.76697,110.38451
-7.766966,110.384499
-7.766961,110.384488
-7.766957,110.384476
-7.766952,110.384465
-7.766948,110.384454
-7.766944,110.384442
-7.766939,110.384431
-7.766935,110.38442
-7.766931,110.384409
-7.766926,110.384398
-7.766922,110.384387
-7.766918,110.384376
-7.766913,110.384365
-7.766909,110.384354
-7.766904,110.384343
-7.7669,110.384333
-7.766896,110.384322
-7.766892,110.384311
-7.766887,110.3843
-7.766883,110.384289
-7.766879,110.384278
-7.766875,110.384268
-7.766871,110.384257
-7.766867,110.384246
-7.766863,110.384236
-7.76686,110.384225
-7.766857,110.384214
-7.766854,110.384204
-7.766852,110.384193
-7.76685,110.384182
-7.766848,110.384172
-7.766847,110.384161
-7.766847,110.38415
-7.766846,110.38414
-7.766847,110.384129
-7.766848,110.384118
-7.766848,110.384107
-7.766849,110.384096
-7.766851,110.384084
-7.766852,110.384073
-7.766853,110.384062
-7.766855,110.38405
-7.766857,110.384039
-7.766858,110.384027
-7.76686,110.384016
-7.766862,110.384005
-7.766864,110.383994
-7.766865,110.383983
-7.766867,110.383972
-7.766869,110.383962
-7.766871,110.383952
-7.766872,110.383942
-7.766873,110.383932
-7.766875,110.383923
-7.766877,110.383914
-7.766878,110.383905
-7.766879,110.383896
-7.76688,110.383886
-7.766882,110.383877
-7.766883,110.383868
-7.766884,110.383859
-7.766886,110.383851
-7.766887,110.383842
-7.766888,110.383834
-7.76689,110.383826
-7.766891,110.383818
-7.766892,110.383811
-7.766893,110.383805
-7.766894,110.383799
-7.766895,110.383794
-7.766896,110.383789
-7.766897,110.383785
-7.766897,110.383781
-7.766897,110.383778
-7.766897,110.383776
-7.766898,110.383774
-7.766898,110.383772
-7.766898,110.383771
-7.766898,110.383771
-7.766898,110.38377
-7.766898,110.38377
-7.766898,110.38377
-7.766898,110.383769
-7.766898,110.383769
-7.766898,110.383768
-7.766898,110.383768
-7.766899,110.383767
-7.766899,110.383766
-7.766899,110.383765
-7.766899,110.383764
-7.766899,110.383762
-7.7669,110.38376
-7.7669,110.383758
-7.7669,110.383756
-7.766901,110.383754
-7.766901,110.383752
-7.766901,110.38375
-7.766902,110.383749
-7.766902,110.383747
-7.766903,110.383745
-7.766903,110.383743
-7.766903,110.38374
-7.766904,110.383738
-7.766904,110.383735
-7.766905,110.383732
-7.766905,110.383729
-7.766906,110.383726
-7.766907,110.383721
-7.766908,110.383717
-7.766909,110.383712
-7.76691,110.383707
-7.766911,110.383701
-7.766912,110.383696
-7.766914,110.38369
-7.766915,110.383684
-7.766917,110.383677
-7.766919,110.38367
-7.766921,110.383662
-7.766922,110.383655
-7.766924,110.383647
-7.766926,110.383639
-7.766928,110.383631
-7.766929,110.383622
-7.766931,110.383613
-7.766933,110.383604
-7.766934,110.383595
-7.766936,110.383585
-7.766938,110.383575
-7.766939,110.383565
-7.766941,110.383555
-7.766943,110.383545
-7.766945,110.383535
-7.766946,110.383525
-7.766948,110.383515
-7.766949,110.383505
-7.766951,110.383494
-7.766952,110.383484
-7.766954,110.383474
-7.766955,110.383464
-7.766956,110.383454
-7.766958,110.383445
-7.766959,110.383435
-7.76696,110.383426
-7.766962,110.383416
-7.766964,110.383407
-7.766965,110.383398
-7.766967,110.38339
-7.766968,110.383381
-7.766969,110.383373
-7.766971,110.383365
-7.766971,110.383358
-7.766972,110.383351
-7.766973,110.383344
-7.766974,110.383338
-7.766974,110.383332
-7.766975,110.383326
-7.766975,110.383321
-7.766976,110.383316
-7.766976,110.383311
-7.766976,110.383307
-7.766977,110.383302
-7.766978,110.383298
-7.766978,110.383295
-7.766979,110.383291
-7.76698,110.383288
-7.76698,110.383284
-7.766981,110.383281
-7.766981,110.383278
-7.766981,110.383274
-7.766982,110.383271
-7.766982,110.383267
-7.766983,110.383263
-7.766983,110.383259
-7.766984,110.383256
-7.766985,110.383252
-7.766985,110.383248
-7.766986,110.383244
-7.766986,110.383241
-7.766987,110.383237
-7.766988,110.383232
-7.766989,110.383227
-7.766989,110.383223
-7.76699,110.383217
-7.766991,110.383213
-7.766992,110.383208
-7.766993,110.383202
-7.766993,110.383197
-7.766994,110.383192
-7.766995,110.383185
-7.766996,110.383179
-7.766997,110.383172
-7.766998,110.383165
-7.767,110.383157
-7.767001,110.383149
-7.767002,110.383142
-7.767003,110.383134
-7.767005,110.383125
-7.767006,110.383116
-7.767007,110.383107
-7.767009,110.383098
-7.76701,110.383089
-7.767012,110.383079
-7.767013,110.383069
-7.767015,110.383059
-7.767016,110.383049
-7.767018,110.383039
-7.767019,110.383028
-7.767021,110.383017
-7.767024,110.383006
-7.767025,110.382995
-7.767027,110.382984
-7.767029,110.382972
-7.767032,110.38296
-7.767034,110.382948
-7.767036,110.382936
-7.767038,110.382924
-7.76704,110.382912
-7.767042,110.3829
-7.767044,110.382888
-7.767046,110.382875
-7.767048,110.382863
-7.767049,110.38285
-7.76705,110.382837
-7.767051,110.382824
-7.767051,110.382811
-7.767052,110.382798
-7.767052,110.382785
-7.767052,110.382772
-7.767052,110.382758
-7.767052,110.382745
-7.767051,110.382732
-7.76705,110.382719
-7.767049,110.382706
-7.767047,110.382692
-7.767045,110.382679
-7.767043,110.382666
-7.76704,110.382652
-7.767038,110.382639
-7.767035,110.382626
-7.767033,110.382612
-7.76703,110.382598
-7.767027,110.382585
-7.767024,110.382571
-7.76702,110.382557
-7.767017,110.382544
-7.767013,110.38253
-7.76701,110.382516
-7.767006,110.382503
-7.767002,110.382489
-7.766998,110.382475
-7.766995,110.382462
-7.766991,110.382448
-7.766987,110.382434
-7.766983,110.382421
-7.766979,110.382407
-7.766975,110.382393
-7.766971,110.38238
-7.766967,110.382366
-7.766964,110.382352
-7.76696,110.382339
-7.766956,110.382325
-7.766952,110.382312
-7.766949,110.382298
-7.766945,110.382284
-7.766941,110.382271
-7.766937,110.382257
-7.766934,110.382243
-7.76693,110.382229
-7.766926,110.382215
-7.766922,110.382202
-7.766918,110.382188
-7.766915,110.382175
-7.766911,110.382161
-7.766907,110.382147
-7.766904,110.382133
-7.7669,110.382119
-7.766897,110.382106
-7.766893,110.382091
-7.766889,110.382078
-7.766886,110.382064
-7.766882,110.38205
-7.766878,110.382036
-7.766874,110.382022
-7.76687,110.382008
-7.766867,110.381994
-7.766863,110.38198
-7.766859,110.381966
-7.766855,110.381952
-7.766851,110.381938
-7.766847,110.381924
-7.766844,110.38191
-7.76684,110.381897
-7.766836,110.381883
-7.766832,110.381869
-7.766828,110.381856
-7.766825,110.381842
-7.766821,110.381829
-7.766817,110.381815
-7.766813,110.381802
-7.766809,110.381789
-7.766805,110.381777
-7.766802,110.381764
-7.766798,110.381752
-7.766794,110.38174
-7.766791,110.381728
-7.766787,110.381717
-7.766784,110.381706
-7.766781,110.381696
-7.766778,110.381686
-7.766775,110.381676
-7.766772,110.381667
-7.766769,110.381658
-7.766766,110.381649
-7.766764,110.381641
-7.766761,110.381633
-7.766759,110.381625
-7.766757,110.381618
-7.766755,110.381611
-7.766753,110.381604
-7.766751,110.381598
-7.76675,110.381592
-7.766748,110.381586
-7.766746,110.381581
-7.766745,110.381576
-7.766743,110.381571
-7.766742,110.381566
-7.766741,110.381562
-7.766739,110.381558
-7.766738,110.381553
-7.766737,110.381549
-7.766736,110.381545
-7.766735,110.381541
-7.766733,110.381537
-7.766732,110.381533
-7.766731,110.381529
-7.76673,110.381525
-7.766729,110.38152
-7.766728,110.381516
-7.766727,110.381511
-7.766725,110.381506
-7.766724,110.381502
-7.766723,110.381497
-7.766721,110.381491
-7.766719,110.381485
-7.766717,110.38148
-7.766716,110.381474
-7.766714,110.381468
-7.766712,110.381461
-7.76671,110.381455
-7.766708,110.381448
-7.766706,110.381441
-7.766704,110.381433
-7.766702,110.381426
-7.7667,110.381418
-7.766698,110.381409
-7.766696,110.381401
-7.766693,110.381393
-7.766691,110.381384
-7.766688,110.381375
-7.766685,110.381365
-7.766683,110.381355
-7.76668,110.381345
-7.766677,110.381335
-7.766674,110.381324
-7.766671,110.381313
-7.766668,110.381302
-7.766664,110.381291
-7.766661,110.381279
-7.766657,110.381266
-7.766653,110.381254
-7.766649,110.38124
-7.766644,110.381226
-7.76664,110.381212
-7.766635,110.381198
-7.76663,110.381183
-7.766624,110.381167
-7.766619,110.381151
-7.766614,110.381135
-7.766608,110.381118
-7.766603,110.381101
-7.766598,110.381084
-7.766593,110.381067
-7.766587,110.381049
-7.766582,110.38103
-7.766576,110.381012
-7.766571,110.380992
-7.766565,110.380972
-7.766559,110.380951
-7.766553,110.380931
-7.766548,110.380909
-7.766542,110.380888
-7.766536,110.380865
-7.76653,110.380843
-7.766524,110.38082
-7.766517,110.380797
-7.766511,110.380773
-7.766505,110.380749
-7.766499,110.380725
-7.766493,110.3807
-7.766486,110.380675
-7.76648,110.38065
-7.766473,110.380625
-7.766467,110.380599
-7.76646,110.380572
-7.766454,110.380546
-7.766447,110.380519
-7.76644,110.380492
-7.766433,110.380465
-7.766426,110.380437
-7.766418,110.38041
-7.766411,110.380383
-7.766403,110.380356
-7.766396,110.380328
-7.766388,110.380301
-7.766381,110.380274
-7.766374,110.380246
-7.766367,110.380218
-7.76636,110.38019
-7.766353,110.380163
-7.766346,110.380135
-7.766338,110.380107
-7.766331,110.380079
-7.766324,110.380051
-7.766316,110.380024
-7.766309,110.379996
-7.766302,110.379968
-7.766294,110.379941
-7.766287,110.379913
-7.766279,110.379886
-7.766272,110.379859
-7.766264,110.379832
-7.766257,110.379805
-7.766249,110.379778
-7.766242,110.379751
-7.766234,110.379724
-7.766227,110.379699
-7.76622,110.379673
-7.766213,110.379648
-7.766207,110.379625
-7.7662,110.379601
-7.766194,110.379579
-7.766188,110.379557
-7.766183,110.379535
-7.766177,110.379514
-7.766172,110.379493
-7.766166,110.379472
-7.766161,110.379452
-7.766156,110.379431
-7.766151,110.379411
-7.766146,110.37939
-7.76614,110.37937
-7.766136,110.37935
-7.766131,110.37933
-7.766126,110.379309
-7.766121,110.37929
-7.766116,110.37927
-7.766111,110.37925
-7.766106,110.379231
-7.766102,110.379211
-7.766097,110.379191
-7.766092,110.379171
-7.766087,110.379152
-7.766083,110.379132
-7.766078,110.379113
-7.766073,110.379093
-7.766068,110.379075
-7.766064,110.379057
-7.76606,110.37904
-7.766055,110.379024
-7.766052,110.37901
-7.766048,110.378997
-7.766045,110.378985
-7.766043,110.378974
-7.76604,110.378964
-7.766037,110.378955
-7.766035,110.378946
-7.766033,110.378938
-7.766031,110.37893
-7.766029,110.378923
-7.766027,110.378915
-7.766025,110.378908
-7.766023,110.378901
-7.766022,110.378894
-7.76602,110.378888
-7.766018,110.378882
-7.766016,110.378875
-7.766015,110.378869
-7.766013,110.378862
-7.766012,110.378856
-7.76601,110.378851
-7.766009,110.378845
-7.766008,110.37884
-7.766007,110.378835
-7.766006,110.37883
-7.766005,110.378826
-7.766004,110.378822
-7.766003,110.378818
-7.766001,110.378814
-7.766,110.378811
-7.765999,110.378807
-7.765998,110.378804
-7.765998,110.378801
-7.765997,110.378798
-7.765996,110.378795
-7.765995,110.378792
-7.765995,110.378789
-7.765994,110.378787
-7.765993,110.378784
-7.765993,110.378782
-7.765992,110.378779
-7.765991,110.378777
-7.765991,110.378775
-7.76599,110.378773
-7.76599,110.378771
-7.765989,110.378769
-7.765989,110.378768
-7.765988,110.378766
-7.765988,110.378765
-7.765988,110.378763
-7.765987,110.378762
-7.765987,110.378762
-7.765987,110.378761
-7.765987,110.378761
-7.765987,110.378761
-7.765987,110.378761
-7.765987,110.378761
-7.765988,110.378761
-7.765988,110.378761
-7.765988,110.378761
-7.765988,110.37876
-7.765989,110.37876
-7.765989,110.37876
-7.765989,110.37876
-7.765989,110.37876
-7.765989,110.37876
-7.765989,110.37876
-7.765989,110.37876
-7.765989,110.37876
-7.76599,110.37876
-7.76599,110.37876
-7.76599,110.37876
-7.76599,110.37876
-7.765991,110.37876
-7.765991,110.37876
-7.765991,110.37876
-7.765991,110.37876
-7.765992,110.378759
-7.765992,110.378759
-7.765991,110.37876
-7.765991,110.37876
-7.765991,110.37876
-7.765991,110.37876
-7.765991,110.37876
-7.765991,110.37876
-7.765991,110.37876
-7.765991,110.37876
-7.765991,110.37876
-7.76599,110.37876
-7.76599,110.37876
-7.76599,110.37876
-7.76599,110.37876
-7.76599,110.37876
-7.76599,110.37876
-7.76599,110.37876
-7.765989,110.37876
-7.765989,110.37876
-7.765989,110.37876
-7.765989,110.37876
-7.765989,110.37876
-7.765989,110.37876
-7.765989,110.37876
-7.765989,110.37876
-7.765989,110.37876
-7.765989,110.37876
-7.765989,110.37876
-7.765989,110.37876
-7.76599,110.37876
-7.76599,110.37876
-7.76599,110.37876
-7.765991,110.378759
-7.765991,110.378759
-7.765991,110.378759
-7.765991,110.378759
-7.765991,110.37876
-7.765991,110.37876
-7.765991,110.37876
-7.765991,110.37876
-7.76599,110.37876
-7.76599,110.37876
-7.76599,110.37876
-7.76599,110.37876
-7.76599,110.37876
-7.76599,110.37876
-7.765989,110.37876
-7.765989,110.37876
-7.765989,110.37876
-7.765989,110.37876
-7.765988,110.37876
-7.765988,110.378761
-7.765988,110.378761
-7.765987,110.378761
-7.765987,110.378761
-7.765987,110.378761
-7.765987,110.378761
-7.765987,110.378761
-7.765987,110.378761
-7.765987,110.378761
-7.765987,110.378761
-7.765987,110.378761
-7.765987,110.378761
-7.765987,110.378761
-7.765987,110.378761
-7.765987,110.378761
-7.765987,110.378761
-7.765987,110.378761
-7.765987,110.378761
-7.765987,110.378761
-7.765987,110.378761
-7.765987,110.378761
-7.765987,110.378761
-7.765987,110.378761
-7.765987,110.378761
-7.765988,110.378761
-7.765988,110.378761
-7.765988,110.378761
-7.765988,110.378761
-7.765989,110.378761
-7.765989,110.378761
-7.765989,110.378761
-7.765988,110.37876
-7.765988,110.37876
-7.765988,110.37876
-7.765988,110.37876
-7.765988,110.37876
-7.765988,110.37876
-7.765989,110.37876
-7.765989,110.37876
-7.765989,110.37876
-7.765989,110.37876
-7.76599,110.37876
-7.76599,110.37876
-7.76599,110.378759
-7.76599,110.378759
-7.765991,110.378759
-7.765991,110.378758
-7.765991,110.378758
-7.765991,110.378758
-7.765991,110.378757
-7.765991,110.378757
-7.765991,110.378757
-7.765991,110.378757
-7.765991,110.378756
-7.765991,110.378756
-7.76599,110.378756
-7.76599,110.378756
-7.765989,110.378756
-7.765989,110.378756
-7.765989,110.378756
-7.765988,110.378756
-7.765988,110.378756
-7.765988,110.378756
-7.765987,110.378756
-7.765987,110.378756
-7.765987,110.378755
-7.765987,110.378755
-7.765987,110.378755
-7.765987,110.378755
-7.765987,110.378755
-7.765987,110.378755
-7.765987,110.378755
-7.765986,110.378755
-7.765986,110.378755
-7.765986,110.378755
-7.765986,110.378755
-7.765986,110.378754
-7.765986,110.378754
-7.765986,110.378754
-7.765985,110.378754
-7.765985,110.378754
-7.765985,110.378754
-7.765985,110.378754
-7.765984,110.378754
-7.765984,110.378754
-7.765983,110.378754
-7.765983,110.378754
-7.765982,110.378755
-7.765982,110.378755
-7.765981,110.378755
-7.765981,110.378755
-7.765981,110.378755
-7.76598,110.378755
-7.76598,110.378755
-7.76598,110.378755
-7.765979,110.378756
-7.765979,110.378756
-7.765979,110.378756
-7.765978,110.378756
-7.765978,110.378756
-7.765978,110.378756
-7.765978,110.378756
-7.765978,110.378756
-7.765978,110.378756
-7.765978,110.378756
-7.765978,110.378756
-7.765978,110.378756
-7.765977,110.378756
-7.765977,110.378756
-7.765977,110.378756
-7.765977,110.378756
-7.765977,110.378756
-7.765977,110.378756
-7.765977,110.378756
-7.765977,110.378756
-7.765977,110.378756
-7.765977,110.378756
-7.765977,110.378756
-7.765977,110.378756
-7.765977,110.378756
-7.765977,110.378756
-7.765977,110.378756
-7.765977,110.378756
-7.765977,110.378756
-7.765977,110.378755
-7.765977,110.378755
-7.765977,110.378755
-7.765977,110.378755
-7.765977,110.378755
-7.765977,110.378755
-7.765977,110.378755
-7.765978,110.378755
-7.765978,110.378755
-7.765978,110.378755
-7.765978,110.378755
-7.765978,110.378755
-7.765978,110.378754
-7.765978,110.378754
-7.765978,110.378754
-7.765978,110.378754
-7.765978,110.378754
-7.765978,110.378754
-7.765978,110.378754
-7.765978,110.378754
-7.765978,110.378754
-7.765978,110.378754
-7.765978,110.378754
-7.765978,110.378754
-7.765978,110.378753
-7.765978,110.378753
-7.765979,110.378753
-7.765979,110.378753
-7.765979,110.378753
-7.765979,110.378752
-7.765979,110.378752
-7.76598,110.378752
-7.76598,110.378752
-7.76598,110.378752
-7.76598,110.378752
-7.76598,110.378751
-7.76598,110.378751
-7.765981,110.378751
-7.765981,110.378751
-7.765981,110.378751
-7.765981,110.378751
-7.765981,110.37875
-7.765981,110.37875
-7.765981,110.37875
-7.765981,110.37875
-7.765981,110.37875
-7.765981,110.37875
-7.765981,110.37875
-7.765981,110.37875
-7.765981,110.378749
-7.765981,110.378749
-7.765981,110.378749
-7.765981,110.378749
-7.765981,110.378749
-7.765981,110.378749
-7.765981,110.378749
-7.765981,110.378749
-7.765981,110.378749
-7.765981,110.378749
-7.765981,110.378749
-7.765982,110.378749
-7.765982,110.378749
-7.765982,110.378748
-7.765982,110.378748
-7.765982,110.378748
-7.765982,110.378748
-7.765981,110.378748
-7.765981,110.378748
-7.765981,110.378748
-7.765981,110.378748
-7.765981,110.378748
-7.765981,110.378748
-7.765981,110.378748
-7.765981,110.378748
-7.765981,110.378748
-7.765981,110.378747
-7.765981,110.378747
-7.765981,110.378747
-7.765981,110.378747
-7.765981,110.378747
-7.765981,110.378746
-7.765981,110.378746
-7.765981,110.378746
-7.765981,110.378746
-7.765981,110.378746
-7.765981,110.378745
-7.765981,110.378745
-7.765981,110.378745
-7.765981,110.378745
-7.765981,110.378745
-7.765982,110.378745
-7.765982,110.378744
-7.765982,110.378744
-7.765982,110.378744
-7.765982,110.378744
-7.765982,110.378744
-7.765982,110.378744
-7.765982,110.378744
-7.765982,110.378744
-7.765983,110.378744
-7.765983,110.378743
-7.765983,110.378743
-7.765983,110.378743
-7.765984,110.378743
-7.765984,110.378743
-7.765984,110.378743
-7.765984,110.378743
-7.765984,110.378743
-7.765984,110.378743
-7.765984,110.378742
-7.765984,110.378742
-7.765984,110.378742
-7.765984,110.378742
-7.765984,110.378742
-7.765984,110.378742
-7.765984,110.378742
-7.765984,110.378742
-7.765984,110.378742
-7.765984,110.378742
-7.765984,110.378742
-7.765984,110.378742
-7.765985,110.378742
-7.765985,110.378742
-7.765985,110.378741
-7.765985,110.378741
-7.765985,110.378741
-7.765985,110.378741
-7.765985,110.378741
-7.765985,110.378741
-7.765985,110.378741
-7.765985,110.378741
-7.765985,110.378741
-7.765985,110.378741
-7.765985,110.378741
-7.765985,110.378741
-7.765985,110.378741
-7.765985,110.378741
-7.765985,110.378741
-7.765985,110.378741
-7.765984,110.37874
-7.765984,110.37874
-7.765984,110.37874
-7.765984,110.37874
-7.765985,110.37874
-7.765985,110.37874
-7.765985,110.37874
-7.765985,110.37874
-7.765985,110.37874
-7.765985,110.37874
-7.765985,110.37874
-7.765985,110.37874
-7.765985,110.37874
-7.765985,110.37874
-7.765985,110.37874
-7.765985,110.37874
-7.765985,110.37874
-7.765985,110.37874
-7.765985,110.37874
-7.765985,110.378739
-7.765985,110.378739
-7.765985,110.378739
-7.765985,110.378739
-7.765985,110.378739
-7.765985,110.378739
-7.765985,110.378738
-7.765985,110.378738
-7.765985,110.378738
-7.765985,110.378738
-7.765985,110.378738
-7.765985,110.378738
-7.765985,110.378738
-7.765985,110.378738
-7.765985,110.378738
-7.765985,110.378738
-7.765985,110.378738
-7.765985,110.378738
-7.765985,110.378738
-7.765985,110.378738
-7.765985,110.378738
-7.765985,110.378738
-7.765986,110.378738
-7.765986,110.378738
-7.765986,110.378738
-7.765986,110.378738
-7.765986,110.378738
-7.765986,110.378738
-7.765986,110.378738
-7.765986,110.378738
-7.765986,110.378738
-7.765986,110.378738
-7.765986,110.378738
-7.765986,110.378738
-7.765986,110.378738
-7.765986,110.378738
-7.765986,110.378738
-7.765986,110.378738
-7.765986,110.378738
-7.765986,110.378738
-7.765986,110.378738
-7.765986,110.378738
-7.765986,110.378738
-7.765986,110.378738
-7.765986,110.378738
-7.765986,110.378738
-7.765986,110.378738
-7.765986,110.378738
-7.765986,110.378738
-7.765986,110.378738
-7.765986,110.378738
-7.765986,110.378738
-7.765986,110.378738
-7.765986,110.378738
-7.765986,110.378738
-7.765986,110.378738
-7.765986,110.378738
-7.765987,110.378738
-7.765987,110.378738
-7.765987,110.378739
-7.765986,110.378739
-7.765987,110.378739
-7.765986,110.378739
-7.765987,110.378739
-7.765987,110.378739
-7.765987,110.378739
-7.765987,110.378739
-7.765987,110.378739
-7.765987,110.378739
-7.765987,110.378739
-7.765987,110.378739
-7.765987,110.378739
-7.765987,110.378739
-7.765987,110.378739
-7.765987,110.378739
-7.765987,110.378739
-7.765987,110.378739
-7.765987,110.378739
-7.765987,110.378739
-7.765987,110.378739
-7.765986,110.378739
-7.765986,110.378739
-7.765986,110.37874
-7.765986,110.378739
-7.765986,110.378739
-7.765986,110.378739
-7.765986,110.37874
-7.765986,110.37874
-7.765986,110.37874
-7.765986,110.37874
-7.765986,110.37874
-7.765986,110.37874
-7.765986,110.37874
-7.765987,110.37874
-7.765987,110.37874
-7.765987,110.37874
-7.765987,110.37874
-7.765987,110.37874
-7.765987,110.37874
-7.765987,110.37874
-7.765987,110.37874
-7.765987,110.37874
-7.765988,110.37874
-7.765988,110.37874
-7.765988,110.37874
-7.765988,110.37874
-7.765988,110.378739
-7.765989,110.378739
-7.765989,110.37874
-7.765989,110.37874
-7.765989,110.37874
-7.765989,110.37874
-7.76599,110.37874
-7.76599,110.37874
-7.76599,110.37874
-7.76599,110.378739
-7.76599,110.378739
-7.765991,110.378739
-7.765991,110.378739
-7.765991,110.378739
-7.765991,110.378739
-7.765991,110.378738
-7.76599,110.378737
-7.76599,110.378735
-7.76599,110.378734
-7.765989,110.378732
-7.765989,110.37873
-7.765988,110.378728
-7.765988,110.378725
-7.765987,110.378722
-7.765986,110.378719
-7.765986,110.378716
-7.765985,110.378712
-7.765984,110.378709
-7.765983,110.378705
-7.765982,110.3787
-7.765981,110.378696
-7.76598,110.378691
-7.76598,110.378686
-7.765979,110.378681
-7.765978,110.378675
-7.765976,110.37867
-7.765975,110.378664
-7.765974,110.378659
-7.765972,110.378653
-7.765971,110.378646
-7.765969,110.37864
-7.765966,110.378636
-7.765965,110.37863
-7.765962,110.378623
-7.76596,110.378616
-7.765958,110.37861
-7.765956,110.378603
-7.765954,110.378597
-7.765952,110.37859
-7.765949,110.378584
-7.765947,110.378578
-7.765944,110.378573
-7.765941,110.378567
-7.765938,110.378561
-7.765936,110.378555
-7.765933,110.378548
-7.76593,110.378541
-7.765927,110.378534
-7.765924,110.378527
-7.765921,110.37852
-7.765918,110.378513
-7.765915,110.378505
-7.765912,110.378497
-7.765909,110.378489
-7.765905,110.378481
-7.765902,110.378473
-7.765899,110.378465
-7.765895,110.378456
-7.765891,110.378447
-7.765888,110.378438
-7.765884,110.378429
-7.76588,110.378419
-7.765877,110.378409
-7.765873,110.378399
-7.765869,110.378389
-7.765864,110.378379
-7.76586,110.378368
-7.765856,110.378358
-7.765851,110.378347
-7.765847,110.378335
-7.765843,110.378324
-7.765838,110.378313
-7.765833,110.378301
-7.765828,110.378289
-7.765823,110.378277
-7.765818,110.378265
-7.765813,110.378253
-7.765808,110.37824
-7.765803,110.378228
-7.765798,110.378215
-7.765793,110.378202
-7.765787,110.378189
-7.765782,110.378176
-7.765777,110.378163
-7.765772,110.378151
-7.765768,110.378138
-7.765762,110.378125
-7.765757,110.378112
-7.765752,110.378099
-7.765747,110.378087
-7.765742,110.378074
-7.765736,110.378061
-7.765731,110.378049
-7.765726,110.378036
-7.765721,110.378023
-7.765716,110.37801
-7.76571,110.377997
-7.765704,110.377984
-7.765699,110.377972
-7.765693,110.377958
-7.765687,110.377945
-7.765681,110.377932
-7.765675,110.377919
-7.765669,110.377905
-7.765663,110.377891
-7.765658,110.377877
-7.765652,110.377863
-7.765646,110.377849
-7.76564,110.377834
-7.765634,110.37782
-7.765628,110.377806
-7.765622,110.377791
-7.765615,110.377776
-7.765609,110.377761
-7.765603,110.377747
-7.765597,110.377732
-7.76559,110.377718
-7.765584,110.377703
-7.765578,110.377689
-7.765572,110.377674
-7.765566,110.37766
-7.76556,110.377646
-7.765554,110.377631
-7.765548,110.377617
-7.765542,110.377602
-7.765537,110.377588
-7.76553,110.377573
-7.765524,110.377559
-7.765518,110.377545
-7.765512,110.37753
-7.765507,110.377516
-7.765501,110.377501
-7.765495,110.377487
-7.765489,110.377472
-7.765483,110.377458
-7.765477,110.377444
-7.765471,110.377429
-7.765465,110.377415
-7.76546,110.377401
-7.765454,110.377386
-7.765448,110.377372
-7.765442,110.377357
-7.765436,110.377343
-7.76543,110.377328
-7.765424,110.377314
-7.765418,110.3773
-7.765412,110.377285
-7.765406,110.377271
-7.7654,110.377257
-7.765393,110.377243
-7.765387,110.377229
-7.765381,110.377215
-7.765375,110.377201
-7.765369,110.377187
-7.765364,110.377173
-7.765358,110.377159
-7.765353,110.377145
-7.765347,110.377132
-7.765341,110.377118
-7.765336,110.377104
-7.76533,110.37709
-7.765324,110.377076
-7.765319,110.377063
-7.765313,110.377049
-7.765308,110.377035
-7.765302,110.377022
-7.765297,110.377008
-7.765292,110.376995
-7.765287,110.376981
-7.765281,110.376968
-7.765276,110.376954
-7.765271,110.376941
-7.765265,110.376928
-7.76526,110.376915
-7.765254,110.376902
-7.765249,110.376889
-7.765243,110.376875
-7.765238,110.376862
-7.765232,110.376849
-7.765227,110.376836
-7.765221,110.376823
-7.765215,110.37681
-7.765209,110.376797
-7.765204,110.376784
-7.765198,110.376771
-7.765193,110.376759
-7.765187,110.376746
-7.765182,110.376733
-7.765176,110.37672
-7.765171,110.376707
-7.765165,110.376694
-7.76516,110.376681
-7.765154,110.376668
-7.765148,110.376655
-7.765143,110.376642
-7.765137,110.376628
-7.765131,110.376615
-7.765126,110.376602
-7.76512,110.376589
-7.765115,110.376576
-7.76511,110.376562
-7.765104,110.376549
-7.765099,110.376536
-7.765093,110.376523
-7.765089,110.376511
-7.765084,110.376498
-7.765079,110.376486
-7.765074,110.376475
-7.765069,110.376463
-7.765065,110.376451
-7.76506,110.37644
-7.765056,110.376429
-7.765052,110.376419
-7.765048,110.376409
-7.765044,110.376399
-7.76504,110.376389
-7.765036,110.37638
-7.765032,110.376371
-7.765029,110.376363
-7.765025,110.376354
-7.765022,110.376346
-7.76502,110.376339
-7.765017,110.376332
-7.765014,110.376325
-7.765011,110.376318
-7.765008,110.376312
-7.765006,110.376306
-7.765003,110.376299
-7.765001,110.376294
-7.764999,110.376289
-7.764997,110.376284
-7.764995,110.37628
-7.764993,110.376275
-7.764991,110.376271
-7.764989,110.376266
-7.764987,110.376262
-7.764986,110.376259
-7.764984,110.376255
-7.764983,110.376251
-7.764982,110.376248
-7.76498,110.376245
-7.764979,110.376241
-7.764977,110.376238
-7.764976,110.376235
-7.764975,110.376231
-7.764973,110.376227
-7.764972,110.376223
-7.76497,110.376218
-7.764968,110.376213
-7.764966,110.376208
-7.764965,110.376203
-7.764963,110.376199
-7.764961,110.376194
-7.764959,110.376188
-7.764958,110.376182
-7.764956,110.376177
-7.764954,110.376172
-7.764952,110.376166
-7.76495,110.37616
-7.764948,110.376154
-7.764946,110.376147
-7.764944,110.376141
-7.764942,110.376134
-7.76494,110.376127
-7.764938,110.376119
-7.764936,110.376112
-7.764933,110.376104
-7.764931,110.376096
-7.764929,110.376087
-7.764927,110.376079
-7.764924,110.37607
-7.764922,110.376061
-7.764919,110.376052
-7.764917,110.376043
-7.764914,110.376034
-7.764912,110.376024
-7.76491,110.376015
-7.764908,110.376005
-7.764906,110.375995
-7.764905,110.375985
-7.764903,110.375975
-7.764902,110.375965
-7.7649,110.375954
-7.764899,110.375944
-7.764898,110.375933
-7.764898,110.375922
-7.764897,110.375911
-7.764896,110.3759
-7.764896,110.375888
-7.764896,110.375877
-7.764897,110.375866
-7.764898,110.375854
-7.764898,110.375842
-7.7649,110.375831
-7.764901,110.375819
-7.764903,110.375807
-7.764904,110.375795
-7.764907,110.375783
-7.764909,110.375771
-7.764912,110.375759
-7.764916,110.375746
-7.764919,110.375734
-7.764923,110.375723
-7.764927,110.375711
-7.764931,110.375699
-7.764936,110.375687
-7.764941,110.375675
-7.764946,110.375663
-7.764952,110.375651
-7.764958,110.375639
-7.764964,110.375627
-7.76497,110.375615
-7.764976,110.375603
-7.764983,110.375591
-7.76499,110.37558
-7.764997,110.375569
-7.765004,110.375558
-7.765011,110.375547
-7.765019,110.375537
-7.765027,110.375526
-7.765036,110.375516
-7.765045,110.375507
-7.765054,110.375497
-7.765063,110.375488
-7.765073,110.375478
-7.765083,110.37547
-7.765093,110.375461
-7.765104,110.375453
-7.765115,110.375445
-7.765126,110.375437
-7.765137,110.375429
-7.765148,110.375422
-7.76516,110.375415
-7.765172,110.375408
-7.765183,110.375401
-7.765195,110.375395
-7.765208,110.375389
-7.76522,110.375382
-7.765233,110.375377
-7.765245,110.375371
-7.765258,110.375365
-7.765271,110.37536
-7.765284,110.375354
-7.765297,110.375348
-7.765311,110.375343
-7.765325,110.375338
-7.765339,110.375333
-7.765353,110.375328
-7.765367,110.375323
-7.765382,110.375317
-7.765395,110.375312
-7.765409,110.375307
-7.765423,110.375301
-7.765437,110.375297
-7.765452,110.375292
-7.765466,110.375287
-7.765481,110.375283
-7.765496,110.375278
-7.76551,110.375274
-7.765525,110.37527
-7.76554,110.375266
-7.765556,110.375262
-7.765571,110.375258
-7.765586,110.375254
-7.765601,110.37525
-7.765617,110.375247
-7.765632,110.375243
-7.765648,110.37524
-7.765663,110.375237
-7.765679,110.375234
-7.765695,110.375231
-7.765711,110.375229
-7.765727,110.375226
-7.765743,110.375224
-7.765759,110.375221
-7.765776,110.375218
-7.765792,110.375216
-7.765809,110.375214
-7.765825,110.375212
-7.765841,110.37521
-7.765856,110.375208
-7.765872,110.375206
-7.765888,110.375204
-7.765904,110.375202
-7.765919,110.375201
-7.765935,110.375199
-7.76595,110.375197
-7.765965,110.375195
-7.76598,110.375193
-7.765995,110.375191
-7.76601,110.375189
-7.766024,110.375187
-7.766039,110.375184
-7.766053,110.375182
-7.766067,110.37518
-7.766081,110.375178
-7.766095,110.375175
-7.766109,110.375173
-7.766123,110.37517
-7.766136,110.375168
-7.766149,110.375165
-7.766163,110.375162
-7.766176,110.37516
-7.766188,110.375157
-7.766201,110.375154
-7.766213,110.37515
-7.766225,110.375147
-7.766237,110.375143
-7.766248,110.375139
-7.766259,110.375136
-7.766269,110.375132
-7.766279,110.375128
-7.766289,110.375123
-7.766298,110.375119
-7.766306,110.375114
-7.766315,110.37511
-7.766323,110.375106
-7.76633,110.375101
-7.766337,110.375097
-7.766344,110.375093
-7.76635,110.375088
-7.766356,110.375084
-7.766362,110.37508
-7.766367,110.375076
-7.766373,110.375073
-7.766377,110.37507
-7.766382,110.375066
-7.766386,110.375063
-7.76639,110.37506
-7.766394,110.375057
-7.766398,110.375054
-7.766402,110.375051
-7.766406,110.375048
-7.76641,110.375045
-7.766414,110.375042
-7.766417,110.375039
-7.766421,110.375036
-7.766425,110.375034
-7.766428,110.375031
-7.766432,110.375028
-7.766435,110.375025
-7.766438,110.375022
-7.766442,110.375019
-7.766445,110.375016
-7.766449,110.375013
-7.766453,110.37501
-7.766457,110.375006
-7.766461,110.375003
-7.766465,110.374999
-7.76647,110.374995
-7.766474,110.374991
-7.766479,110.374988
-7.766484,110.374983
-7.766489,110.374979
-7.766493,110.374974
-7.766498,110.37497
-7.766503,110.374965
-7.766508,110.374961
-7.766512,110.374957
-7.766517,110.374952
-7.766521,110.374948
-7.766526,110.374944
-7.76653,110.374939
-7.766534,110.374935
-7.766537,110.374931
-7.766541,110.374926
-7.766546,110.374922
-7.76655,110.374917
-7.766554,110.374913
-7.766558,110.374908
-7.766561,110.374904
-7.766564,110.3749
-7.766567,110.374896
-7.76657,110.374891
-7.766573,110.374886
-7.766575,110.374881
-7.766578,110.374876
-7.76658,110.374871
-7.766582,110.374865
-7.766584,110.374859
-7.766586,110.374853
-7.766587,110.374847
-7.766588,110.37484
-7.766589,110.374834
-7.76659,110.374827
-7.76659,110.37482
-7.766589,110.374812
-7.766589,110.374805
-7.766588,110.374798
-7.766587,110.374791
-7.766585,110.374784
-7.766583,110.374776
-7.76658,110.374769
-7.766577,110.374761
-7.766574,110.374754
-7.76657,110.374746
-7.766566,110.374738
-7.766562,110.374731
-7.766557,110.374723
-7.766552,110.374715
-7.766548,110.374707
-7.766543,110.374698
-7.766538,110.37469
-7.766532,110.374681
-7.766527,110.374673
-7.766522,110.374664
-7.766516,110.374655
-7.766511,110.374646
-7.766505,110.374638
-7.7665,110.374629
-7.766494,110.37462
-7.766488,110.374611
-7.766482,110.374601
-7.766476,110.374592
-7.76647,110.374583
-7.766464,110.374573
-7.766457,110.374564
-7.766451,110.374555
-7.766444,110.374545
-7.766438,110.374536
-7.766432,110.374526
-7.766425,110.374517
-7.76642,110.374507
-7.766413,110.374497
-7.766407,110.374488
-7.766401,110.374479
-7.766395,110.374469
-7.766389,110.37446
-7.766383,110.37445
-7.766377,110.374441
-7.766371,110.374431
-7.766365,110.374422
-7.766359,110.374413
-7.766353,110.374404
-7.766347,110.374394
-7.766341,110.374385
-7.766335,110.374376
-7.76633,110.374367
-7.766324,110.374358
-7.766318,110.374349
-7.766313,110.37434
-7.766308,110.374331
-7.766302,110.374323
-7.766297,110.374315
-7.766292,110.374306
-7.766287,110.374298
-7.766282,110.37429
-7.766278,110.374282
-7.766273,110.374274
-7.766269,110.374267
-7.766265,110.37426
-7.76626,110.374253
-7.766256,110.374246
-7.766252,110.374239
-7.766249,110.374233
-7.766245,110.374226
-7.766242,110.374219
-7.766238,110.374212
-7.766234,110.374205
-7.766231,110.374198
-7.766227,110.374192
-7.766223,110.374185
-7.766219,110.374179
-7.766215,110.374172
-7.766211,110.374165
-7.766206,110.374159
-7.766202,110.374153
-7.766197,110.374146
-7.766192,110.37414
-7.766186,110.374134
-7.766181,110.374128
-7.766175,110.374122
-7.766169,110.374116
-7.766163,110.374111
-7.766156,110.374106
-7.766149,110.374101
-7.766142,110.374096
-7.766135,110.374091
-7.766128,110.374087
-7.766121,110.374083
-7.766114,110.37408
-7.766106,110.374076
-7.766099,110.374073
-7.766092,110.37407
-7.766084,110.374068
-7.766077,110.374065
-7.766069,110.374063
-7.766061,110.374061
-7.766054,110.374059
-7.766046,110.374057
-7.766038,110.374055
-7.76603,110.374054
-7.766022,110.374052
-7.766014,110.374051
-7.766006,110.37405
-7.765998,110.374049
-7.76599,110.374047
-7.765982,110.374046
-7.765973,110.374045
-7.765964,110.374044
-7.765956,110.374043
-7.765948,110.374042
-7.765939,110.374041
-7.765931,110.37404
-7.765922,110.374039
-7.765914,110.374038
-7.765906,110.374037
-7.765898,110.374037
-7.765889,110.374036
-7.765881,110.374035
-7.765873,110.374035
-7.765865,110.374034
-7.765857,110.374034
-7.765849,110.374034
-7.765841,110.374034
-7.765833,110.374034
-7.765825,110.374034
-7.765817,110.374034
-7.76581,110.374034
-7.765802,110.374034
-7.765795,110.374034
-7.765788,110.374034
-7.765781,110.374034
-7.765774,110.374034
-7.765768,110.374034
-7.765762,110.374034
-7.765756,110.374034
-7.765751,110.374034
-7.765746,110.374034
-7.765741,110.374034
-7.765736,110.374034
-7.765731,110.374034
-7.765727,110.374034
-7.765723,110.374034
-7.765719,110.374034
-7.765715,110.374035
-7.765712,110.374034
-7.765709,110.374035
-7.765705,110.374035
-7.765703,110.374035
-7.7657,110.374035
-7.765698,110.374035
-7.765696,110.374035
-7.765694,110.374036
-7.765693,110.374036
-7.765692,110.374036
-7.765692,110.374036
-7.765691,110.374036
-7.765691,110.374035
-7.765691,110.374035
-7.765691,110.374035
-7.765692,110.374035
-7.765692,110.374035
-7.765692,110.374035
-7.765692,110.374035
-7.765692,110.374035
-7.765692,110.374035
-7.765692,110.374035
-7.765693,110.374034
-7.765693,110.374034
-7.765693,110.374034
-7.765693,110.374034
-7.765693,110.374034
-7.765693,110.374034
-7.765693,110.374034
-7.765693,110.374034
-7.765694,110.374033
-7.765694,110.374033
-7.765694,110.374033
-7.765694,110.374033
-7.765694,110.374033
-7.765695,110.374033
-7.765695,110.374033
-7.765695,110.374033
-7.765695,110.374033
-7.765695,110.374033
-7.765696,110.374033
-7.765696,110.374033
-7.765696,110.374033
-7.765696,110.374033
-7.765696,110.374033
-7.765696,110.374033
-7.765696,110.374033
-7.765695,110.374033
-7.765695,110.374033
-7.765694,110.374034
-7.765693,110.374033
-7.765692,110.374034
-7.76569,110.374034
-7.765688,110.374034
-7.765686,110.374034
-7.765684,110.374034
-7.765681,110.374034
-7.765677,110.374033
-7.765674,110.374034
-7.76567,110.374034
-7.765666,110.374034
-7.765661,110.374034
-7.765656,110.374035
-7.765651,110.374035
-7.765646,110.374036
-7.76564,110.374036
-7.765635,110.374036
-7.765629,110.374037
-7.765623,110.374038
-7.765617,110.374039
-7.76561,110.37404
-7.765604,110.374041
-7.765597,110.374042
-7.765591,110.374044
-7.765584,110.374045
-7.765577,110.374047
-7.765569,110.374049
-7.765562,110.374051
-7.765555,110.374053
-7.765547,110.374055
-7.76554,110.374057
-7.765532,110.374059
-7.765525,110.374061
-7.765517,110.374063
-7.765509,110.374065
-7.765501,110.374068
-7.765493,110.37407
-7.765485,110.374073
-7.765476,110.374075
-7.765468,110.374078
-7.765459,110.37408
-7.76545,110.374083
-7.765441,110.374086
-7.765432,110.374089
-7.765423,110.374092
-7.765414,110.374094
-7.765405,110.374098
-7.765396,110.374101
-7.765387,110.374104
-7.765378,110.374107
-7.765368,110.37411
-7.765359,110.374113
-7.765349,110.374116
-7.765339,110.374119
-7.765329,110.374123
-7.765319,110.374126
-7.765309,110.37413
-7.765298,110.374133
-7.765288,110.374137
-7.765278,110.37414
-7.765267,110.374144
-7.765256,110.374148
-7.765246,110.374151
-7.765235,110.374155
-7.765224,110.374158
-7.765213,110.374162
-7.765202,110.374166
-7.765191,110.37417
-7.76518,110.374174
-7.76517,110.374178
-7.765159,110.374182
-7.765148,110.374186
-7.765138,110.37419
-7.765127,110.374193
-7.765116,110.374197
-7.765105,110.374201
-7.765094,110.374205
-7.765084,110.374208
-7.765073,110.374212
-7.765062,110.374216
-7.765051,110.37422
-7.76504,110.374224
-7.765029,110.374228
-7.765018,110.374232
-7.765007,110.374236
-7.764996,110.37424
-7.764984,110.374244
-7.764973,110.374248
-7.764961,110.374252
-7.76495,110.374256
-7.764939,110.37426
-7.764927,110.374264
-7.764916,110.374268
-7.764905,110.374273
-7.764893,110.374277
-7.764882,110.374281
-7.76487,110.374285
-7.764859,110.37429
-7.764847,110.374294
-7.764835,110.374298
-7.764824,110.374302
-7.764813,110.374306
-7.764801,110.37431
-7.764789,110.374315
-7.764778,110.374319
-7.764766,110.374324
-7.764755,110.374328
-7.764743,110.374332
-7.764732,110.374336
-7.764721,110.37434
-7.76471,110.374344
-7.764699,110.374348
-7.764688,110.374352
-7.764677,110.374356
-7.764666,110.37436
-7.764655,110.374364
-7.764645,110.374368
-7.764634,110.374371
-7.764624,110.374375
-7.764613,110.374379
-7.764603,110.374383
-7.764592,110.374387
-7.764582,110.37439
-7.764571,110.374393
-7.764561,110.374396
-7.76455,110.374399
-7.76454,110.374402
-7.76453,110.374404
-7.764519,110.374406
-7.76451,110.374409
-7.764499,110.374411
-7.764489,110.374413
-7.764479,110.374416
-7.764469,110.374417
-7.764458,110.374418
-7.764448,110.374419
-7.764437,110.374419
-7.764427,110.374419
-7.764417,110.37442
-7.764407,110.374419
-7.764397,110.374419
-7.764387,110.374418
-7.764377,110.374417
-7.764368,110.374415
-7.764358,110.374414
-7.764349,110.374412
-7.76434,110.37441
-7.764331,110.374408
-7.764323,110.374406
-7.764315,110.374403
-7.764307,110.3744
-7.764299,110.374397
-7.764292,110.374394
-7.764284,110.374391
-7.764277,110.374387
-7.76427,110.374383
-7.764263,110.37438
-7.764257,110.374376
-7.76425,110.374372
-7.764244,110.374367
-7.764238,110.374362
-7.764231,110.374357
-7.764225,110.374352
-7.764219,110.374347
-7.764213,110.374341
-7.764207,110.374335
-7.764201,110.374329
-7.764196,110.374323
-7.76419,110.374317
-7.764185,110.37431
-7.764179,110.374303
-7.764174,110.374295
-7.764169,110.374288
-7.764164,110.37428
-7.76416,110.374271
-7.764155,110.374263
-7.76415,110.374255
-7.764146,110.374246
-7.764142,110.374237
-7.764137,110.374228
-7.764133,110.374219
-7.764129,110.374209
-7.764126,110.374199
-7.764122,110.37419
-7.764118,110.37418
-7.764114,110.37417
-7.76411,110.37416
-7.764107,110.37415
-7.764103,110.37414
-7.764099,110.37413
-7.764096,110.374119
-7.764092,110.374109
-7.764088,110.374098
-7.764085,110.374088
-7.764081,110.374077
-7.764077,110.374067
-7.764074,110.374056
-7.76407,110.374046
-7.764067,110.374035
-7.764063,110.374025
-7.76406,110.374014
-7.764056,110.374003
-7.764053,110.373991
-7.764049,110.37398
-7.764045,110.373967
-7.764041,110.373954
-7.764036,110.373941
-7.764032,110.373927
-7.764027,110.373913
-7.764023,110.373898
-7.764018,110.373883
-7.764013,110.373868
-7.764008,110.373853
-7.764003,110.373837
-7.763998,110.373822
-7.763993,110.373806
-7.763988,110.373791
-7.763982,110.373775
-7.763977,110.373759
-7.763972,110.373744
-7.763967,110.373728
-7.763961,110.373712
-7.763956,110.373697
-7.76395,110.373681
-7.763944,110.373666
-7.763939,110.37365
-7.763933,110.373635
-7.763927,110.37362
-7.763921,110.373604
-7.763915,110.373589
-7.763909,110.373573
-7.763903,110.373559
-7.763897,110.373544
-7.763891,110.373529
-7.763885,110.373514
-7.763879,110.373499
-7.763874,110.373484
-7.763868,110.373469
-7.763862,110.373454
-7.763857,110.37344
-7.763851,110.373425
-7.763846,110.373411
-7.76384,110.373397
-7.763835,110.373384
-7.76383,110.37337
-7.763825,110.373357
-7.763819,110.373344
-7.763814,110.373331
-7.763809,110.373317
-7.763803,110.373304
-7.763798,110.373291
-7.763792,110.373277
-7.763787,110.373264
-7.763781,110.373251
-7.763776,110.373237
-7.76377,110.373224
-7.763764,110.37321
-7.763758,110.373196
-7.763751,110.373182
-7.763745,110.373168
-7.763739,110.373155
-7.763732,110.37314
-7.763726,110.373127
-7.763719,110.373113
-7.763712,110.373099
-7.763705,110.373085
-7.763699,110.373072
-7.763692,110.373059
-7.763685,110.373045
-7.763678,110.373032
-7.763671,110.373019
-7.763664,110.373007
-7.763656,110.372994
-7.763649,110.372981
-7.763642,110.372969
-7.763635,110.372957
-7.763627,110.372945
-7.76362,110.372932
-7.763613,110.372921
-7.763606,110.372908
-7.763599,110.372897
-7.763592,110.372885
-7.763585,110.372873
-7.763579,110.372861
-7.763572,110.372849
-7.763565,110.372838
-7.763557,110.372827
-7.76355,110.372816
-7.763543,110.372805
-7.763536,110.372793
-7.763529,110.372782
-7.763522,110.37277
-7.763515,110.372759
-7.763509,110.372747
-7.763502,110.372735
-7.763495,110.372723
-7.763489,110.372711
-7.763482,110.372699
-7.763475,110.372688
-7.763468,110.372676
-7.763461,110.372664
-7.763454,110.372652
-7.763447,110.37264
-7.763441,110.372629
-7.763434,110.372617
-7.763427,110.372605
-7.76342,110.372593
-7.763414,110.372581
-7.763407,110.372569
-7.7634,110.372557
-7.763393,110.372545
-7.763386,110.372534
-7.763379,110.372522
-7.763372,110.37251
-7.763366,110.372499
-7.763359,110.372487
-7.763353,110.372475
-7.763347,110.372464
-7.76334,110.372452
-7.763335,110.37244
-7.763329,110.372428
-7.763324,110.372416
-7.76332,110.372404
-7.763315,110.372392
-7.763311,110.37238
-7.763307,110.372368
-7.763304,110.372356
-7.763301,110.372343
-7.763298,110.372331
-7.763296,110.372319
-7.763294,110.372307
-7.763292,110.372295
-7.763291,110.372282
-7.763291,110.37227
-7.76329,110.372258
-7.763291,110.372245
-7.763291,110.372233
-7.763291,110.372221
-7.763292,110.372208
-7.763293,110.372196
-7.763294,110.372184
-7.763296,110.372172
-7.763297,110.37216
-7.763299,110.372148
-7.763301,110.372136
-7.763303,110.372124
-7.763306,110.372112
-7.763308,110.3721
-7.76331,110.372088
-7.763312,110.372076
-7.763314,110.372064
-7.763316,110.372052
-7.763318,110.37204
-7.76332,110.372028
-7.763323,110.372015
-7.763325,110.372003
-7.763327,110.371991
-7.76333,110.371979
-7.763332,110.371966
-7.763334,110.371954
-7.763337,110.371941
-7.76334,110.371928
-7.763343,110.371915
-7.763345,110.371903
-7.763348,110.37189
-7.763351,110.371877
-7.763354,110.371864
-7.763356,110.371851
-7.763359,110.371838
-7.763362,110.371825
-7.763364,110.371812
-7.763366,110.371799
-7.763369,110.371786
-7.763372,110.371774
-7.763374,110.371761
-7.763376,110.371748
-7.763379,110.371736
-7.763381,110.371724
-7.763383,110.371712
-7.763386,110.3717
-7.763388,110.371688
-7.76339,110.371676
-7.763393,110.371665
-7.763395,110.371653
-7.763398,110.371642
-7.7634,110.371631
-7.763403,110.37162
-7.763406,110.371609
-7.763409,110.371598
-7.763413,110.371587
-7.763417,110.371577
-7.76342,110.371566
-7.763424,110.371555
-7.763428,110.371545
-7.763432,110.371535
-7.763437,110.371525
-7.763441,110.371515
-7.763446,110.371505
-7.763451,110.371495
-7.763456,110.371485
-7.763461,110.371475
-7.763467,110.371465
-7.763472,110.371455
-7.763478,110.371445
-7.763484,110.371435
-7.76349,110.371425
-7.763496,110.371415
-7.763502,110.371405
-7.763509,110.371395
-7.763516,110.371386
-7.763524,110.371376
-7.763531,110.371366
-7.763539,110.371357
-7.763547,110.371348
-7.763555,110.371338
-7.763563,110.371329
-7.763572,110.371319
-7.763581,110.371311
-7.76359,110.371303
-7.7636,110.371295
-7.76361,110.371287
-7.763621,110.371279
-7.763631,110.371271
-7.763642,110.371263
-7.763653,110.371256
-7.763665,110.371249
-7.763677,110.371243
-7.763688,110.371237
-7.7637,110.371231
-7.763713,110.371226
-7.763725,110.37122
-7.763737,110.371216
-7.763749,110.371211
-7.763761,110.371207
-7.763773,110.371203
-7.763785,110.3712
-7.763796,110.371197
-7.763808,110.371194
-7.763819,110.371192
-7.76383,110.371189
-7.763841,110.371188
-7.763851,110.371186
-7.763862,110.371185
-7.763872,110.371184
-7.763882,110.371183
-7.763891,110.371182
-7.763901,110.371182
-7.763911,110.371181
-7.76392,110.371181
-7.76393,110.371181
-7.76394,110.371182
-7.763951,110.371182
-7.763961,110.371183
-7.763972,110.371183
-7.763983,110.371184
-7.763993,110.371184
-7.764005,110.371185
-7.764016,110.371185
-7.764027,110.371186
-7.764039,110.371187
-7.76405,110.371187
-7.764062,110.371188
-7.764074,110.371188
-7.764085,110.371189
-7.764098,110.371189
-7.764109,110.37119
-7.764121,110.371191
-7.764133,110.371191
-7.764145,110.371192
-7.764157,110.371192
-7.76417,110.371193
-7.764183,110.371193
-7.764196,110.371194
-7.764209,110.371195
-7.764222,110.371196
-7.764236,110.371197
-7.764249,110.371198
-7.764262,110.371199
-7.764276,110.3712
-7.764289,110.371201
-7.764303,110.371203
-7.764316,110.371204
-7.76433,110.371206
-7.764343,110.371207
-7.764357,110.371209
-7.76437,110.37121
-7.764384,110.371212
-7.764397,110.371214
-7.764411,110.371215
-7.764425,110.371217
-7.764439,110.371218
-7.764453,110.37122
-7.764468,110.371221
-7.764482,110.371223
-7.764496,110.371224
-7.76451,110.371225
-7.764524,110.371226
-7.764538,110.371228
-7.764552,110.371228
-7.764566,110.371229
-7.76458,110.37123
-7.764594,110.371231
-7.764607,110.371231
-7.764621,110.371232
-7.764635,110.371232
-7.764648,110.371232
-7.764662,110.371231
-7.764675,110.37123
-7.764688,110.371229
-7.764701,110.371228
-7.764714,110.371226
-7.764727,110.371223
-7.76474,110.37122
-7.764753,110.371217
-7.764765,110.371214
-7.764778,110.37121
-7.76479,110.371206
-7.764802,110.371201
-7.764814,110.371196
-7.764825,110.371191
-7.764836,110.371185
-7.764846,110.371179
-7.764856,110.371173
-7.764866,110.371166
-7.764875,110.371159
-7.764885,110.371152
-7.764894,110.371144
-7.764903,110.371137
-7.764912,110.371129
-7.76492,110.37112
-7.764928,110.371111
-7.764937,110.371102
-7.764945,110.371093
-7.764952,110.371083
-7.76496,110.371074
-7.764967,110.371064
-7.764975,110.371053
-7.764982,110.371043
-7.76499,110.371033
-7.764998,110.371023
-7.765005,110.371012
-7.765012,110.371002
-7.765019,110.370991
-7.765026,110.37098
-7.765033,110.370969
-7.76504,110.370958
-7.765048,110.370946
-7.765055,110.370935
-7.765062,110.370924
-7.765069,110.370912
-7.765076,110.370901
-7.765083,110.370889
-7.76509,110.370877
-7.765097,110.370866
-7.765104,110.370854
-7.765111,110.370842
-7.765118,110.370831
-7.765125,110.370819
-7.765131,110.370808
-7.765138,110.370796
-7.765144,110.370785
-7.76515,110.370774
-7.765155,110.370763
-7.765161,110.370751
-7.765167,110.37074
-7.765173,110.370729
-7.765179,110.370718
-7.765185,110.370707
-7.765191,110.370696
-7.765197,110.370684
-7.765203,110.370673
-7.765208,110.370662
-7.765214,110.370651
-7.76522,110.370639
-7.765225,110.370628
-7.76523,110.370616
-7.765236,110.370605
-7.765242,110.370593
-7.765247,110.370581
-7.765253,110.370569
-7.765258,110.370557
-7.765264,110.370545
-7.765269,110.370533
-7.765274,110.370522
-7.76528,110.370509
-7.765286,110.370498
-7.765291,110.370486
-7.765297,110.370474
-7.765303,110.370462
-7.765309,110.37045
-7.765315,110.370439
-7.765321,110.370428
-7.765328,110.370416
-7.765335,110.370405
-7.765341,110.370394
-7.765348,110.370383
-7.765356,110.370373
-7.765363,110.370362
-7.76537,110.370352
-7.765378,110.370342
-7.765386,110.370331
-7.765393,110.370321
-7.765401,110.370311
-7.765409,110.370301
-7.765417,110.370292
-7.765425,110.370282
-7.765433,110.370272
-7.765441,110.370263
-7.765449,110.370254
-7.765458,110.370244
-7.765466,110.370235
-7.765475,110.370226
-7.765484,110.370217
-7.765493,110.370208
-7.765502,110.3702
-7.765512,110.370191
-7.765521,110.370183
-7.765531,110.370174
-7.765542,110.370166
-7.765552,110.370158
-7.765563,110.37015
-7.765574,110.370142
-7.765585,110.370134
-7.765597,110.370127
-7.765608,110.37012
-7.765619,110.370114
-7.765631,110.370107
-7.765643,110.370101
-7.765655,110.370094
-7.765667,110.370088
-7.765679,110.370082
-7.765691,110.370077
-7.765704,110.370071
-7.765716,110.370067
-7.765728,110.370062
-7.76574,110.370057
-7.765753,110.370053
-7.765765,110.370049
-7.765777,110.370044
-7.765789,110.370041
-7.765801,110.370037
-7.765813,110.370033
-7.765826,110.37003
-7.765838,110.370026
-7.76585,110.370024
-7.765863,110.370021
-7.765875,110.37002
-7.765887,110.370018
-7.7659,110.370017
-7.765912,110.370016
-7.765925,110.370015
-7.765937,110.370014
-7.765949,110.370014
-7.765962,110.370015
-7.765974,110.370016
-7.765987,110.370017
-7.765999,110.370019
-7.766012,110.370021
-7.766024,110.370023
-7.766036,110.370026
-7.766048,110.37003
-7.766061,110.370033
-7.766073,110.370037
-7.766085,110.370042
-7.766097,110.370047
-7.766108,110.370053
-7.76612,110.37006
-7.766132,110.370066
-7.766143,110.370072
-7.766155,110.370079
-7.766166,110.370086
-7.766177,110.370093
-7.766188,110.370101
-7.766198,110.370109
-7.766209,110.370118
-7.766219,110.370126
-7.766228,110.370135
-7.766238,110.370144
-7.766248,110.370154
-7.766257,110.370163
-7.766266,110.370172
-7.766274,110.370182
-7.766282,110.370192
-7.76629,110.370202
-7.766299,110.370213
-7.766306,110.370223
-7.766313,110.370234
-7.76632,110.370245
-7.766327,110.370256
-7.766334,110.370268
-7.76634,110.370279
-7.766346,110.370291
-7.766351,110.370303
-7.766357,110.370315
-7.766362,110.370326
-7.766368,110.370338
-7.766373,110.370349
-7.766378,110.370361
-7.766383,110.370373
-7.766388,110.370384
-7.766393,110.370395
-7.766397,110.370406
-7.766402,110.370417
-7.766406,110.370428
-7.76641,110.370439
-7.766414,110.370449
-7.766417,110.370459
-7.766421,110.370469
-7.766424,110.370479
-7.766427,110.370489
-7.766431,110.370498
-7.766434,110.370506
-7.766438,110.370515
-7.76644,110.370524
-7.766443,110.370532
-7.766446,110.37054
-7.766449,110.370548
-7.766452,110.370556
-7.766454,110.370563
-7.766457,110.370571
-7.76646,110.370577
-7.766462,110.370584
-7.766465,110.37059
-7.766467,110.370595
-7.766468,110.3706
-7.76647,110.370604
-7.766471,110.370609
-7.766473,110.370613
-7.766474,110.370617
-7.766476,110.37062
-7.766476,110.370623
-7.766477,110.370626
-7.766478,110.370628
-7.76648,110.370631
-7.766481,110.370634
-7.766482,110.370637
-7.766483,110.37064
-7.766484,110.370643
-7.766485,110.370646
-7.766486,110.370649
-7.766488,110.370652
-7.766489,110.370655
-7.76649,110.370659
-7.766492,110.370663
-7.766493,110.370667
-7.766495,110.370671
-7.766496,110.370675
-7.766497,110.370679
-7.766499,110.370683
-7.7665,110.370687
-7.766502,110.370691
-7.766504,110.370696
-7.766506,110.370701
-7.766507,110.370706
-7.766509,110.370712
-7.766511,110.370717
-7.766513,110.370723
-7.766515,110.370729
-7.766517,110.370736
-7.766519,110.370742
-7.766522,110.370749
-7.766524,110.370756
-7.766526,110.370763
-7.766529,110.37077
-7.766531,110.370777
-7.766534,110.370785
-7.766536,110.370793
-7.766539,110.370801
-7.766541,110.370809
-7.766543,110.370817
-7.766546,110.370825
-7.766549,110.370833
-7.766551,110.370841
-7.766554,110.370849
-7.766557,110.370858
-7.766559,110.370865
-7.766562,110.370874
-7.766565,110.370882
-7.766568,110.37089
-7.76657,110.370898
-7.766573,110.370906
-7.766576,110.370914
-7.766578,110.370922
-7.76658,110.37093
-7.766582,110.370938
-7.766585,110.370946
-7.766586,110.370954
-7.766588,110.370962
-7.766589,110.37097
-7.766591,110.370978
-7.766591,110.370986
-7.766592,110.370993
-7.766592,110.371001
-7.766592,110.371009
-7.766592,110.371016
-7.766592,110.371024
-7.766592,110.371031
-7.766591,110.371039
-7.766591,110.371046
-7.76659,110.371053
-7.766589,110.37106
-7.766588,110.371066
-7.766586,110.371073
-7.766585,110.371079
-7.766584,110.371086
-7.766582,110.371092
-7.766581,110.371099
-7.766579,110.371105
-7.766577,110.37111
-7.766576,110.371116
-7.766575,110.371122
-7.766573,110.371127
-7.766572,110.371131
-7.766571,110.371135
-7.76657,110.371139
-7.766569,110.371143
-7.766568,110.371147
-7.766567,110.37115
-7.766566,110.371153
-7.766566,110.371155
-7.766565,110.371158
-7.766564,110.37116
-7.766563,110.371163
-7.766562,110.371165
-7.766561,110.371168
-7.76656,110.37117
-7.766559,110.371173
-7.766558,110.371176
-7.766557,110.371179
-7.766556,110.371182
-7.766555,110.371184
-7.766554,110.371187
-7.766553,110.37119
-7.766552,110.371193
-7.766551,110.371197
-7.766549,110.3712
-7.766547,110.371204
-7.766546,110.371209
-7.766544,110.371213
-7.766541,110.371218
-7.766539,110.371222
-7.766536,110.371227
-7.766533,110.371233
-7.766531,110.371238
-7.766527,110.371244
-7.766524,110.37125
-7.766521,110.371256
-7.766517,110.371262
-7.766513,110.371268
-7.76651,110.371275
-7.766506,110.371281
-7.766502,110.371288
-7.766498,110.371294
-7.766494,110.371301
-7.76649,110.371308
-7.766486,110.371315
-7.766482,110.371322
-7.766478,110.371328
-7.766474,110.371335
-7.76647,110.371342
-7.766467,110.371348
-7.766463,110.371354
-7.766459,110.37136
-7.766456,110.371365
-7.766453,110.37137
-7.76645,110.371375
-7.766448,110.371379
-7.766446,110.371384
-7.766444,110.371387
-7.766442,110.371391
-7.76644,110.371394
-7.766439,110.371396
-7.766437,110.371399
-7.766436,110.371401
-7.766434,110.371404
-7.766432,110.371407
-7.766431,110.371409
-7.766429,110.371412
-7.766427,110.371415
-7.766426,110.371417
-7.766424,110.37142
-7.766423,110.371423
-7.766421,110.371426
-7.766419,110.371429
-7.766417,110.371432
-7.766415,110.371436
-7.766413,110.37144
-7.766411,110.371443
-7.766409,110.371448
-7.766407,110.371452
-7.766405,110.371456
-7.766403,110.371461
-7.7664,110.371466
-7.766398,110.371472
-7.766396,110.371478
-7.766393,110.371484
-7.766391,110.37149
-7.766389,110.371497
-7.766386,110.371503
-7.766384,110.37151
-7.766382,110.371517
-7.76638,110.371524
-7.766378,110.371532
-7.766376,110.371539
-7.766374,110.371546
-7.766372,110.371554
-7.766369,110.371562
-7.766367,110.37157
-7.766365,110.371578
-7.766363,110.371587
-7.766361,110.371596
-7.766358,110.371605
-7.766356,110.371614
-7.766354,110.371624
-7.766352,110.371633
-7.76635,110.371643
-7.766348,110.371653
-7.766345,110.371663
-7.766343,110.371674
-7.766341,110.371684
-7.766339,110.371695
-7.766337,110.371706
-7.766334,110.371717
-7.766332,110.371728
-7.76633,110.371739
-7.766328,110.371749
-7.766325,110.37176
-7.766323,110.371771
-7.766321,110.371782
-7.766319,110.371793
-7.766315,110.371804
-7.766313,110.371815
-7.76631,110.371827
-7.766308,110.371838
-7.766305,110.371849
-7.766304,110.37186
-7.766303,110.371872
-7.766301,110.371883
-7.7663,110.371894
-7.766299,110.371905
-7.766298,110.371917
-7.766297,110.371928
-7.766296,110.37194
-7.766295,110.371952
-7.766295,110.371963
-7.766294,110.371975
-7.766294,110.371987
-7.766294,110.371999
-7.766295,110.372011
-7.766296,110.372022
-7.766298,110.372034
-7.766301,110.372045
-7.766303,110.372057
-7.766306,110.372069
-7.766309,110.372081
-7.766313,110.372092
-7.766317,110.372104
-7.766321,110.372116
-7.766326,110.372127
-7.766331,110.372138
-7.766336,110.37215
-7.766341,110.372161
-7.766346,110.372173
-7.766352,110.372184
-7.766357,110.372196
-7.766363,110.372207
-7.766368,110.372218
-7.766374,110.372229
-7.76638,110.37224
-7.766385,110.372251
-7.766391,110.372263
-7.766397,110.372274
-7.766402,110.372286
-7.766408,110.372297
-7.766414,110.372309
-7.76642,110.37232
-7.766426,110.372331
-7.766431,110.372343
-7.766437,110.372354
-7.766443,110.372365
-7.766449,110.372376
-7.766454,110.372387
-7.76646,110.372399
-7.766466,110.37241
-7.766472,110.372421
-7.766477,110.372433
-7.766483,110.372444
-7.766488,110.372455
-7.766494,110.372466
-7.766499,110.372477
-7.766503,110.372488
-7.766509,110.372499
-7.766514,110.37251
-7.766519,110.372521
-7.766524,110.372532
-7.766529,110.372543
-7.766534,110.372554
-7.76654,110.372564
-7.766545,110.372575
-7.76655,110.372586
-7.766555,110.372597
-7.76656,110.372608
-7.766565,110.372618
-7.76657,110.372629
-7.766575,110.37264
-7.766581,110.372651
-7.766586,110.372662
-7.766592,110.372672
-7.766597,110.372683
-7.766603,110.372693
-7.766609,110.372704
-7.766615,110.372714
-7.76662,110.372726
-7.766626,110.372737
-7.766632,110.372747
-7.766638,110.372759
-7.766644,110.37277
-7.76665,110.372781
-7.766655,110.372793
-7.766661,110.372805
-7.766666,110.372817
-7.766672,110.372829
-7.766678,110.372841
-7.766684,110.372853
-7.766689,110.372865
-7.766695,110.372877
-7.7667,110.372889
-7.766706,110.372901
-7.766711,110.372913
-7.766716,110.372925
-7.76672,110.372938
-7.766725,110.37295
-7.76673,110.372962
-7.766735,110.372974
-7.76674,110.372985
-7.766744,110.372998
-7.766749,110.373009
-7.766753,110.373021
-7.766758,110.373033
-7.766763,110.373045
-7.766767,110.373057
-7.766772,110.373069
-7.766777,110.373081
-7.766781,110.373093
-7.766786,110.373105
-7.76679,110.373117
-7.766795,110.373129
-7.7668,110.373141
-7.766804,110.373152
-7.766808,110.373165
-7.766813,110.373177
-7.766817,110.373189
-7.766821,110.373201
-7.766826,110.373213
-7.76683,110.373226
-7.766834,110.373238
-7.766839,110.37325
-7.766843,110.373262
-7.766848,110.373275
-7.766852,110.373287
-7.766856,110.373299
-7.766861,110.373312
-7.766865,110.373324
-7.766869,110.373336
-7.766874,110.373348
-7.766879,110.373361
-7.766883,110.373374
-7.766888,110.373386
-7.766892,110.373399
-7.766896,110.373411
-7.766901,110.373423
-7.766906,110.373436
-7.766911,110.373448
-7.766916,110.37346
-7.766921,110.373472
-7.766925,110.373483
-7.76693,110.373496
-7.766935,110.373507
-7.766939,110.373519
-7.766944,110.373531
-7.766949,110.373542
-7.766953,110.373554
-7.766958,110.373565
-7.766963,110.373577
-7.766967,110.373589
-7.766971,110.3736
-7.766976,110.373611
-7.766981,110.373622
-7.766986,110.373634
-7.76699,110.373645
-7.766995,110.373656
-7.767,110.373667
-7.767005,110.373679
-7.767009,110.37369
-7.767014,110.373701
-7.767019,110.373712
-7.767023,110.373723
-7.767028,110.373734
-7.767033,110.373744
-7.767037,110.373755
-7.767042,110.373766
-7.767046,110.373776
-7.76705,110.373787
-7.767054,110.373797
-7.767059,110.373807
-7.767063,110.373818
-7.767067,110.373828
-7.767072,110.373838
-7.767075,110.373848
-7.76708,110.373857
-7.767084,110.373867
-7.767088,110.373876
-7.767092,110.373885
-7.767096,110.373894
-7.7671,110.373903
-7.767104,110.373911
-7.767108,110.37392
-7.767111,110.373928
-7.767115,110.373936
-7.767118,110.373944
-7.767121,110.373952
-7.767124,110.37396
-7.767126,110.373967
-7.767128,110.373975
-7.76713,110.373982
-7.767132,110.373989
-7.767133,110.373996
-7.767134,110.374003
-7.767135,110.37401
-7.767135,110.374016
-7.767135,110.374023
-7.767135,110.374029
-7.767134,110.374035
-7.767133,110.374041
-7.767131,110.374047
-7.76713,110.374053
-7.767128,110.374059
-7.767125,110.374064
-7.767122,110.37407
-7.767119,110.374075
-7.767116,110.37408
-7.767112,110.374085
-7.767108,110.37409
-7.767104,110.374095
-7.767099,110.374099
-7.767093,110.374103
-7.767088,110.374107
-7.767082,110.37411
-7.767075,110.374113
-7.767069,110.374116
-7.767063,110.374119
-7.767056,110.374122
-7.76705,110.374125
-7.767043,110.374127
-7.767036,110.374129
-7.767029,110.37413
-7.767021,110.374132
-7.767013,110.374134
-7.767005,110.374135
-7.766997,110.374136
-7.766989,110.374137
-7.766981,110.374138
-7.766972,110.374138
-7.766964,110.374139
-7.766955,110.374139
-7.766947,110.374138
-7.766938,110.374138
-7.766929,110.374137
-7.76692,110.374137
-7.76691,110.374136
-7.766899,110.374135
-7.766888,110.374134
-7.766867,110.374132
-7.766856,110.374131
-7.766845,110.37413
-7.766833,110.374129
-7.766811,110.374126
-7.7668,110.374125
-7.766789,110.374124
-7.766777,110.374123
-7.766754,110.374121
-7.766743,110.374119
-7.766731,110.374118
-7.76672,110.374117
-7.766698,110.374114
-7.766686,110.374113
-7.766676,110.374112
-7.766665,110.374111
-7.766644,110.374109
-7.766878,110.374133
-7.766633,110.374108
-7.766623,110.374107
-7.766613,110.374106
-7.766594,110.374104
-7.766822,110.374128
-7.766584,110.374103
-7.766575,110.374102
-7.766565,110.374101
-7.766548,110.3741
-7.766766,110.374122
-7.766539,110.374099
-7.76653,110.374098
-7.766522,110.374098
-7.766506,110.374097
-7.766709,110.374116
-7.766498,110.374097
-7.766491,110.374096
-7.766483,110.374096
-7.766469,110.374095
-7.766654,110.37411
-7.766462,110.374095
-7.766456,110.374094
-7.76645,110.374094
-7.766438,110.374093
-7.766603,110.374105
-7.766433,110.374092
-7.766428,110.374092
-7.766423,110.374092
-7.766414,110.374091
-7.766556,110.3741
-7.76641,110.374091
-7.766406,110.374091
-7.766403,110.374091
-7.766399,110.37409
-7.766514,110.374097
-7.766397,110.37409
-7.766396,110.37409
-7.766394,110.37409
-7.766392,110.37409
-7.766476,110.374095
-7.766391,110.37409
-7.766391,110.37409
-7.766391,110.37409
-7.766391,110.37409
-7.766444,110.374093
-7.766391,110.37409
-7.766391,110.37409
-7.766392,110.37409
-7.766392,110.37409
-7.766418,110.374091
-7.766392,110.37409
-7.766392,110.37409
-7.766393,110.37409
-7.766393,110.37409
-7.766401,110.37409
-7.766393,110.37409
-7.766393,110.37409
-7.766394,110.37409
-7.766394,110.37409
-7.766393,110.37409
-7.766394,110.37409
-7.766394,110.37409
-7.766395,110.37409
-7.766395,110.37409
-7.766391,110.37409
-7.766395,110.37409
-7.766395,110.37409
-7.766395,110.37409
-7.766395,110.37409
-7.766392,110.37409
-7.766394,110.37409
-7.766394,110.37409
-7.766393,110.374089
-7.76639,110.374089
-7.766393,110.37409
-7.766388,110.374089
-7.766386,110.374089
-7.766383,110.374089
-7.766377,110.374088
-7.766394,110.37409
-7.766374,110.374087
-7.76637,110.374086
-7.766366,110.374086
-7.766357,110.374084
-7.766395,110.37409
-7.766352,110.374083
-7.766347,110.374082
-7.766341,110.374082
-7.766331,110.374081
-7.766395,110.37409
-7.766325,110.37408
-7.766319,110.37408
-7.766313,110.37408
-7.766301,110.37408
-7.766391,110.37409
-7.766295,110.374081
-7.766289,110.374082
-7.766284,110.374083
-7.766273,110.374086
-7.76638,110.374088
-7.766268,110.374088
-7.766263,110.37409
-7.766258,110.374092
-7.766248,110.374096
-7.766361,110.374085
-7.766244,110.374099
-7.76624,110.374102
-7.766236,110.374105
-7.766228,110.374112
-7.766336,110.374081
-7.766224,110.374116
-7.76622,110.374121
-7.766216,110.374125
-7.76621,110.374135
-7.766307,110.37408
-7.766207,110.37414
-7.766205,110.374146
-7.766202,110.374152
-7.766199,110.374164
-7.766278,110.374084
-7.766198,110.374171
-7.766198,110.374177
-7.766198,110.374184
-7.766199,110.374197
-7.766253,110.374094
-7.766201,110.374203
-7.766202,110.37421
-7.766204,110.374217
-7.76621,110.374231
-7.766232,110.374109
-7.766214,110.374238
-7.766218,110.374245
-7.766222,110.374252
-7.766231,110.374266
-7.766213,110.37413
-7.766235,110.374274
-7.766241,110.374282
-7.766246,110.37429
-7.766257,110.374307
-7.7662,110.374158
-7.766263,110.374316
-7.766269,110.374325
-7.766276,110.374334
-7.766289,110.374353
-7.766198,110.37419
-7.766296,110.374363
-7.766304,110.374373
-7.766312,110.374383
-7.766326,110.374404
-7.766207,110.374225
-7.766334,110.374414
-7.766342,110.374424
-7.76635,110.374435
-7.766365,110.374457
-7.766226,110.374259
-7.766373,110.374467
-7.76638,110.374477
-7.766388,110.374487
-7.766402,110.374507
-7.766251,110.374298
-7.766409,110.374517
-7.766416,110.374527
-7.766423,110.374537
-7.766436,110.374555
-7.766283,110.374344
-7.766442,110.374565
-7.766447,110.374574
-7.766452,110.374582
-7.766463,110.374599
-7.766319,110.374393
-7.766467,110.374606
-7.766472,110.374614
-7.766477,110.374621
-7.766485,110.374634
-7.766357,110.374446
-7.766489,110.37464
-7.766493,110.374647
-7.766497,110.374653
-7.766504,110.374664
-7.766395,110.374497
-7.766507,110.374669
-7.766511,110.374674
-7.766514,110.374679
-7.76652,110.374689
-7.76643,110.374546
-7.766523,110.374694
-7.766526,110.374699
-7.766529,110.374703
-7.766535,110.374712
-7.766458,110.374591
-7.766537,110.374716
-7.76654,110.374721
-7.766543,110.374725
-7.766549,110.374733
-7.766481,110.374627
-7.766551,110.374737
-7.766554,110.374741
-7.766557,110.374744
-7.766563,110.374752
-7.7665,110.374658
-7.766566,110.374756
-7.766569,110.374759
-7.766572,110.374762
-7.766579,110.374768
-7.766517,110.374684
-7.766582,110.374771
-7.766586,110.374773
-7.76659,110.374775
-7.766597,110.374779
-7.766532,110.374708
-7.766601,110.374781
-7.766604,110.374782
-7.766608,110.374784
-7.766615,110.374786
-7.766546,110.374729
-7.766619,110.374787
-7.766623,110.374788
-7.766628,110.374788
-7.766637,110.374788
-7.766559,110.374748
-7.766643,110.374788
-7.766648,110.374787
-7.766654,110.374786
-7.766666,110.374782
-7.766575,110.374765
-7.766673,110.37478
-7.766679,110.374778
-7.766686,110.374775
-7.766699,110.374767
-7.766593,110.374777
-7.766705,110.374764
-7.766712,110.374759
-7.766718,110.374755
-7.766731,110.374745
-7.766612,110.374785
-7.766738,110.37474
-7.766744,110.374736
-7.766751,110.374731
-7.766764,110.37472
-7.766632,110.374788
-7.766771,110.374714
-7.766778,110.374708
-7.766785,110.374703
-7.766799,110.37469
-7.76666,110.374784
-7.766806,110.374684
-7.766814,110.374678
-7.766821,110.374672
-7.766836,110.374661
-7.766692,110.374771
-7.766843,110.374655
-7.76685,110.374649
-7.766857,110.374643
-7.766871,110.374631
-7.766725,110.37475
-7.766878,110.374625
-7.766885,110.374619
-7.766892,110.374614
-7.766905,110.374602
-7.766758,110.374725
-7.766912,110.374596
-7.766919,110.374591
-7.766926,110.374586
-7.766939,110.374575
-7.766792,110.374696
-7.766946,110.374571
-7.766953,110.374566
-7.766959,110.374561
-7.766972,110.374553
-7.766829,110.374666
-7.766979,110.374549
-7.766985,110.374545
-7.766991,110.374541
-7.767004,110.374533
-7.766864,110.374636
-7.76701,110.37453
-7.767016,110.374527
-7.767022,110.374523
-7.767035,110.374517
-7.766898,110.374608
-7.767041,110.374514
-7.767047,110.374511
-7.767054,110.374508
-7.767066,110.374502
-7.766932,110.37458
-7.767072,110.374499
-7.767078,110.374497
-7.767084,110.374494
-7.767095,110.374489
-7.766966,110.374557
-7.767101,110.374486
-7.767106,110.374484
-7.767111,110.374482
-7.767122,110.374477
-7.766997,110.374537
-7.767127,110.374474
-7.767132,110.374472
-7.767137,110.37447
-7.767147,110.374466
-7.767029,110.37452
-7.767152,110.374464
-7.767157,110.374462
-7.767161,110.37446
-7.76717,110.374456
-7.76706,110.374505
-7.767175,110.374454
-7.767179,110.374452
-7.767183,110.374451
-7.767191,110.374448
-7.767089,110.374491
-7.767195,110.374446
-7.767199,110.374444
-7.767203,110.374443
-7.76721,110.37444
-7.767117,110.374479
-7.767214,110.374438
-7.767218,110.374437
-7.767223,110.374435
-7.767231,110.374432
-7.767142,110.374468
-7.767236,110.37443
-7.76724,110.374428
-7.767245,110.374427
-7.767256,110.374423
-7.767166,110.374458
-7.767261,110.374421
-7.767267,110.374419
-7.767273,110.374417
-7.767286,110.374413
-7.767187,110.374449
-7.767293,110.374411
-7.767299,110.374409
-7.767306,110.374407
-7.76732,110.374403
-7.767207,110.374441
-7.767328,110.3744
-7.767335,110.374398
-7.767342,110.374396
-7.767357,110.374391
-7.767227,110.374433
-7.767365,110.374389
-7.767373,110.374386
-7.767381,110.374384
-7.767396,110.374379
-7.76725,110.374425
-7.767404,110.374376
-7.767411,110.374374
-7.767418,110.374371
-7.767432,110.374367
-7.767279,110.374415
-7.767439,110.374365
-7.767446,110.374362
-7.767453,110.37436
-7.767467,110.374357
-7.767313,110.374405
-7.767474,110.374355
-7.76748,110.374353
-7.767487,110.374351
-7.7675,110.374348
-7.76735,110.374393
-7.767507,110.374347
-7.767514,110.374346
-7.767521,110.374345
-7.767534,110.374343
-7.767388,110.374381
-7.767541,110.374341
-7.767548,110.37434
-7.767555,110.374338
-7.767569,110.374335
-7.767425,110.374369
-7.767576,110.374333
-7.767583,110.37433
-7.76759,110.374328
-7.767603,110.374323
-7.76746,110.374358
-7.76761,110.37432
-7.767617,110.374317
-7.767623,110.374313
-7.767636,110.374306
-7.767494,110.37435
-7.767643,110.374302
-7.767649,110.374298
-7.767655,110.374295
-7.767668,110.374287
-7.767527,110.374344
-7.767674,110.374283
-7.767681,110.374279
-7.767687,110.374276
-7.767701,110.374269
-7.767562,110.374337
-7.767708,110.374265
-7.767715,110.374261
-7.767722,110.374258
-7.767738,110.374251
-7.767597,110.374326
-7.767746,110.374248
-7.767754,110.374245
-7.767763,110.374241
-7.76778,110.374235
-7.76763,110.37431
-7.767789,110.374232
-7.767799,110.374228
-7.767808,110.374225
-7.767827,110.374218
-7.767661,110.374291
-7.767837,110.374215
-7.767847,110.374211
-7.767857,110.374208
-7.767879,110.374201
-7.767694,110.374272
-7.767889,110.374197
-7.767901,110.374193
-7.767912,110.374189
-7.767935,110.374181
-7.76773,110.374254
-7.767947,110.374177
-7.767958,110.374172
-7.76797,110.374168
-7.767993,110.37416
-7.767771,110.374238
-7.768006,110.374155
-7.768019,110.374151
-7.768031,110.374146
-7.768057,110.374137
-7.767817,110.374222
-7.76807,110.374132
-7.768084,110.374128
-7.768098,110.374123
-7.768124,110.374114
-7.767868,110.374205
-7.768138,110.374109
-7.768151,110.374105
-7.768165,110.3741
-7.768192,110.37409
-7.767923,110.374185
-7.768205,110.374085
-7.768219,110.374081
-7.768233,110.374076
-7.76826,110.374066
-7.767982,110.374164
-7.768274,110.374061
-7.768288,110.374056
-7.768302,110.374051
-7.76833,110.374041
-7.768044,110.374142
-7.768344,110.374036
-7.768358,110.374031
-7.768372,110.374026
-7.7684,110.374016
-7.768111,110.374119
-7.768414,110.374011
-7.768428,110.374006
-7.768442,110.374001
-7.76847,110.373991
-7.768178,110.374095
-7.768484,110.373986
-7.768499,110.373981
-7.768513,110.373976
-7.768542,110.373967
-7.768246,110.374071
-7.768556,110.373962
-7.76857,110.373957
-7.768584,110.373952
-7.768612,110.373942
-7.768316,110.374046
-7.768626,110.373937
-7.768641,110.373933
-7.768655,110.373928
-7.768683,110.373918
-7.768386,110.374021
-7.768697,110.373913
-7.768711,110.373908
-7.768726,110.373903
-7.768754,110.373893
-7.768456,110.373996
-7.768768,110.373888
-7.768782,110.373883
-7.768797,110.373877
-7.768825,110.373867
-7.768527,110.373971
-7.768839,110.373862
-7.768854,110.373857
-7.768868,110.373852
-7.768897,110.373842
-7.768598,110.373947
-7.768911,110.373837
-7.768926,110.373831
-7.76894,110.373826
-7.768969,110.373816
-7.768669,110.373923
-7.768984,110.373811
-7.768998,110.373806
-7.769012,110.3738
-7.769041,110.37379
-7.76874,110.373898
-7.769055,110.373785
-7.769069,110.37378
-7.769083,110.373775
-7.769111,110.373765
-7.768811,110.373872
-7.769124,110.373761
-7.769137,110.373756
-7.76915,110.373751
-7.769175,110.373743
-7.768882,110.373847
-7.769187,110.373739
-7.769199,110.373735
-7.76921,110.373731
-7.769232,110.373723
-7.768955,110.373821
-7.769243,110.373719
-7.769254,110.373715
-7.769264,110.373712
-7.769284,110.373704
-7.769026,110.373795
-7.769293,110.373701
-7.769303,110.373698
-7.769312,110.373695
-7.769331,110.373688
-7.769097,110.37377
-7.769339,110.373685
-7.769348,110.373681
-7.769357,110.373678
-7.769375,110.373672
-7.769163,110.373747
-7.769383,110.373669
-7.769392,110.373666
-7.769401,110.373662
-7.769418,110.373656
-7.769221,110.373727
-7.769427,110.373653
-7.769436,110.373649
-7.769445,110.373646
-7.769463,110.373639
-7.769274,110.373708
-7.769472,110.373636
-7.769482,110.373633
-7.769491,110.373629
-7.769511,110.373622
-7.769322,110.373691
-7.769521,110.373619
-7.769531,110.373616
-7.76954,110.373612
-7.76956,110.373605
-7.769366,110.373675
-7.769569,110.373602
-7.769578,110.373599
-7.769588,110.373595
-7.769607,110.373588
-7.769409,110.373659
-7.769616,110.373585
-7.769626,110.373582
-7.769635,110.373578
-7.769654,110.373571
-7.769454,110.373643
-7.769664,110.373568
-7.769673,110.373564
-7.769683,110.373561
-7.769703,110.373554
-7.769501,110.373626
-7.769712,110.37355
-7.769722,110.373546
-7.769732,110.373543
-7.769752,110.373536
-7.76955,110.373609
-7.769762,110.373532
-7.769772,110.373528
-7.769782,110.373525
-7.769802,110.373517
-7.769597,110.373592
-7.769812,110.373514
-7.769823,110.37351
-7.769833,110.373506
-7.769855,110.373499
-7.769645,110.373575
-7.769866,110.373495
-7.769877,110.373491
-7.769888,110.373487
-7.76991,110.373479
-7.769693,110.373557
-7.769922,110.373475
-7.769933,110.373471
-7.769945,110.373466
-7.769968,110.373458
-7.769742,110.373539
-7.769979,110.373453
-7.769991,110.373449
-7.770003,110.373444
-7.770027,110.373435
-7.769792,110.373521
-7.77004,110.37343
-7.770052,110.373426
-7.770064,110.373421
-7.770089,110.373412
-7.769844,110.373502
-7.770101,110.373408
-7.770114,110.373403
-7.770126,110.373399
-7.770151,110.37339
-7.769899,110.373483
-7.770163,110.373386
-7.770175,110.373381
-7.770187,110.373377
-7.770212,110.373368
-7.769956,110.373462
-7.770224,110.373364
-7.770237,110.373359
-7.770249,110.373355
-7.770273,110.373346
-7.770015,110.373439
-7.770286,110.373342
-7.770298,110.373338
-7.77031,110.373333
-7.770335,110.373325
-7.770077,110.373417
-7.770347,110.373321
-7.770359,110.373316
-7.770371,110.373312
-7.770396,110.373304
-7.770138,110.373395
-7.770408,110.373299
-7.770419,110.373295
-7.770431,110.373291
-7.770455,110.373284
-7.7702,110.373372
-7.770466,110.37328
-7.770477,110.373276
-7.770489,110.373273
-7.770511,110.373266
-7.770261,110.373351
-7.770521,110.373263
-7.770532,110.37326
-7.770542,110.373257
-7.770562,110.373252
-7.770322,110.373329
-7.770571,110.37325
-7.770581,110.373248
-7.77059,110.373247
-7.770607,110.373244
-7.770384,110.373308
-7.770616,110.373243
-7.770625,110.373243
-7.770633,110.373242
-7.77065,110.373242
-7.770443,110.373288
-7.770658,110.373243
-7.770666,110.373244
-7.770674,110.373244
-7.770689,110.373247
-7.7705,110.373269
-7.770696,110.373249
-7.770703,110.373251
-7.77071,110.373253
-7.770552,110.373254
-7.770728,110.373261
-7.770733,110.373263
-7.770739,110.373265
-7.770749,110.373271
-7.770599,110.373245
-7.770755,110.373274
-7.77076,110.373277
-7.770765,110.37328
-7.770775,110.373288
-7.770641,110.373242
-7.77078,110.373292
-7.770785,110.373296
-7.770791,110.373301
-7.770801,110.373312
-7.770682,110.373246
-7.770806,110.373317
-7.770812,110.373324
-7.770817,110.373331
-7.770827,110.373346
-7.770716,110.373256
-7.770832,110.373353
-7.770836,110.373362
-7.770841,110.37337
-7.77085,110.373387
-7.770744,110.373268
-7.770854,110.373397
-7.770858,110.373406
-7.770862,110.373416
-7.770869,110.373436
-7.77077,110.373284
-7.770873,110.373447
-7.770877,110.373457
-7.77088,110.373468
-7.770887,110.373491
-7.770796,110.373306
-7.770891,110.373503
-7.770894,110.373515
-7.770897,110.373527
-7.770904,110.373551
-7.770822,110.373338
-7.770908,110.373564
-7.770911,110.373577
-7.770914,110.373589
-7.770921,110.373615
-7.770846,110.373378
-7.770925,110.373628
-7.770928,110.373641
-7.770932,110.373653
-7.770939,110.373679
-7.770866,110.373426
-7.770943,110.373692
-7.770946,110.373705
-7.77095,110.373718
-7.770957,110.373744
-7.770884,110.37348
-7.77096,110.373757
-7.770964,110.37377
-7.770968,110.373783
-7.770975,110.37381
-7.770901,110.373539
-7.770978,110.373823
-7.770981,110.373836
-7.770985,110.373849
-7.770992,110.373876
-7.770918,110.373602
-7.770995,110.373889
-7.770999,110.373902
-7.771002,110.373915
-7.771009,110.373941
-7.770935,110.373666
-7.771013,110.373954
-7.771017,110.373966
-7.771021,110.373979
-7.771028,110.374005
-7.770953,110.373731
-7.771032,110.374018
-7.771035,110.37403
-7.771039,110.374043
-7.771046,110.374068
-7.770971,110.373797
-7.77105,110.374081
-7.771053,110.374093
-7.771057,110.374106
-7.771064,110.37413
-7.770988,110.373863
-7.771067,110.374142
-7.77107,110.374154
-7.771074,110.374166
-7.77108,110.37419
-7.771006,110.373928
-7.771084,110.374202
-7.771087,110.374213
-7.77109,110.374224
-7.771096,110.374247
-7.771024,110.373992
-7.771099,110.374258
-7.771102,110.374269
-7.771105,110.374279
-7.771111,110.3743
-7.771043,110.374056
-7.771113,110.37431
-7.771116,110.37432
-7.771119,110.37433
-7.771125,110.374349
-7.77106,110.374118
-7.771128,110.374359
-7.77113,110.374367
-7.771132,110.374376
-7.771137,110.374393
-7.771077,110.374178
-7.771139,110.3744
-7.771141,110.374408
-7.771143,110.374415
-7.771093,110.374236
-7.771149,110.374436
-7.771151,110.374442
-7.771153,110.374449
-7.771157,110.374461
-7.771108,110.37429
-7.771158,110.374467
-7.77116,110.374473
-7.771162,110.374479
-7.771165,110.374489
-7.771122,110.37434
-7.771166,110.374494
-7.771167,110.374498
-7.771169,110.374502
-7.771171,110.374509
-7.771134,110.374384
-7.771172,110.374513
-7.771173,110.374517
-7.771174,110.37452
-7.771177,110.374528
-7.771145,110.374422
-7.771178,110.374531
-7.771179,110.374535
-7.77118,110.374538
-7.771182,110.374546
-7.771155,110.374455
-7.771184,110.37455
-7.771185,110.374554
-7.771186,110.374558
-7.771189,110.374566
-7.771163,110.374484
-7.771191,110.37457
-7.771192,110.374574
-7.771193,110.374578
-7.771196,110.374586
-7.77117,110.374506
-7.771197,110.374591
-7.771198,110.374595
-7.7712,110.374599
-7.771203,110.374606
-7.771175,110.374524
-7.771204,110.37461
-7.771205,110.374613
-7.771206,110.374617
-7.771207,110.374622
-7.771181,110.374542
-7.771208,110.374624
-7.771209,110.374625
-7.771209,110.374627
-7.771209,110.374629
-7.771188,110.374562
-7.771209,110.37463
-7.77121,110.37463
-7.77121,110.37463
-7.77121,110.37463
-7.771194,110.374582
-7.77121,110.37463
-7.77121,110.37463
-7.77121,110.37463
-7.77121,110.37463
-7.771201,110.374603
-7.771211,110.37463
-7.771211,110.37463
-7.771211,110.37463
-7.771211,110.37463
-7.771207,110.374619
-7.771211,110.37463
-7.771212,110.37463
-7.771212,110.374629
-7.771212,110.374629
-7.771209,110.374628
-7.771213,110.374629
-7.771213,110.374629
-7.771213,110.374629
-7.771213,110.374629
-7.77121,110.37463
-7.771213,110.374629
-7.771213,110.374629
-7.771213,110.374629
-7.771213,110.374629
-7.77121,110.37463
-7.771213,110.374629
-7.771213,110.374629
-7.771213,110.374629
-7.771214,110.37463
-7.771211,110.37463
-7.771214,110.37463
-7.771214,110.374631
-7.771215,110.374631
-7.771216,110.374633
-7.771212,110.374629
-7.771216,110.374634
-7.771217,110.374635
-7.771217,110.374637
-7.771218,110.37464
-7.771213,110.374629
-7.771219,110.374642
-7.77122,110.374644
-7.771221,110.374646
-7.771222,110.374651
-7.771213,110.374629
-7.771224,110.374654
-7.771224,110.374657
-7.771225,110.37466
-7.771228,110.374666
-7.771213,110.374629
-7.771229,110.374669
-7.77123,110.374672
-7.771231,110.374675
-7.771233,110.37468
-7.771215,110.374632
-7.771234,110.374682
-7.771236,110.374685
-7.771237,110.374687
-7.771218,110.374638
-7.771242,110.374694
-7.771244,110.374697
-7.771246,110.374699
-7.771251,110.374704
-7.771222,110.374648
-7.771254,110.374707
-7.771257,110.37471
-7.771261,110.374713
-7.771227,110.374663
-7.771274,110.374722
-7.771278,110.374725
-7.771283,110.374727
-7.771294,110.374731
-7.771232,110.374678
-7.7713,110.374733
-7.771306,110.374734
-7.771312,110.374735
-7.771325,110.374736
-7.771239,110.37469
-7.771331,110.374736
-7.771338,110.374735
-7.771344,110.374734
-7.771357,110.374732
-7.771248,110.374702
-7.771364,110.37473
-7.77137,110.374728
-7.771376,110.374725
-7.771389,110.37472
-7.771265,110.374716
-7.771395,110.374717
-7.771402,110.374714
-7.771408,110.374711
-7.771422,110.374705
-7.771289,110.37473
-7.771428,110.374701
-7.771435,110.374698
-7.771442,110.374695
-7.771456,110.374687
-7.771318,110.374736
-7.771463,110.374683
-7.771471,110.374679
-7.771478,110.374675
-7.771493,110.374666
-7.771351,110.374733
-7.771501,110.374662
-7.77151,110.374657
-7.771517,110.374652
-7.771534,110.374642
-7.771383,110.374723
-7.771542,110.374637
-7.77155,110.374633
-7.771557,110.374628
-7.771573,110.374619
-7.771415,110.374708
-7.77158,110.374614
-7.771588,110.37461
-7.771595,110.374606
-7.771607,110.374598
-7.771449,110.374691
-7.771612,110.374594
-7.771617,110.374591
-7.771622,110.374589
-7.77163,110.374583
-7.771486,110.37467
-7.771634,110.374581
-7.771637,110.374579
-7.77164,110.374577
-7.771645,110.374575
-7.771526,110.374647
-7.771648,110.374573
-7.771651,110.374571
-7.771654,110.374569
-7.771659,110.374565
-7.771565,110.374623
-7.771663,110.374564
-7.771666,110.374562
-7.771669,110.374561
-7.771676,110.374557
-7.771601,110.374602
-7.771679,110.374554
-7.771683,110.374552
-7.771687,110.374549
-7.771695,110.374544
-7.771626,110.374586
-7.771699,110.374541
-7.771704,110.374538
-7.771709,110.374535
-7.771718,110.37453
-7.771643,110.374576
-7.771723,110.374527
-7.771728,110.374524
-7.771733,110.374521
-7.771743,110.374516
-7.771656,110.374567
-7.771748,110.374513
-7.771754,110.374511
-7.77176,110.374509
-7.771772,110.374505
-7.771672,110.374559
-7.771778,110.374503
-7.771784,110.374502
-7.771791,110.3745
-7.771804,110.374498
-7.771691,110.374547
-7.771811,110.374498
-7.771818,110.374498
-7.771824,110.374498
-7.771838,110.3745
-7.771713,110.374532
-7.771845,110.374501
-7.771852,110.374503
-7.771858,110.374505
-7.771738,110.374519
-7.771877,110.374513
-7.771883,110.374516
-7.771889,110.37452
-7.771901,110.374529
-7.771766,110.374507
-7.771906,110.374534
-7.771912,110.37454
-7.771917,110.374545
-7.771927,110.374557
-7.771797,110.374499
-7.771932,110.374563
-7.771937,110.374569
-7.771942,110.374575
-7.771952,110.374587
-7.771831,110.374499
-7.771957,110.374593
-7.771962,110.374599
-7.771968,110.374606
-7.771979,110.374618
-7.771864,110.374507
-7.771984,110.374625
-7.771989,110.374632
-7.771994,110.374638
-7.772004,110.374652
-7.771895,110.374525
-7.77201,110.374659
-7.772015,110.374666
-7.77202,110.374674
-7.772029,110.374689
-7.771922,110.374551
-7.772035,110.374696
-7.77204,110.374705
-7.772044,110.374713
-7.772054,110.37473
-7.771947,110.374581
-7.772059,110.374738
-7.772065,110.374747
-7.77207,110.374756
-7.771973,110.374612
-7.772086,110.374782
-7.772091,110.374791
-7.772096,110.374799
-7.772106,110.374817
-7.771999,110.374645
-7.772111,110.374826
-7.772116,110.374834
-7.772121,110.374843
-7.77213,110.37486
-7.772025,110.374681
-7.772135,110.374868
-7.77214,110.374876
-7.772144,110.374884
-7.772152,110.374897
-7.772049,110.374721
-7.772156,110.374904
-7.77216,110.37491
-7.772163,110.374916
-7.77217,110.374927
-7.772075,110.374764
-7.772173,110.374933
-7.772177,110.374938
-7.77218,110.374943
-7.772186,110.374953
-7.772101,110.374808
-7.77219,110.374958
-7.772193,110.374964
-7.772196,110.374969
-7.772202,110.374978
-7.772126,110.374852
-7.772205,110.374983
-7.772208,110.374987
-7.772211,110.374991
-7.772217,110.374999
-7.772148,110.374891
-7.77222,110.375003
-7.772223,110.375008
-7.772226,110.375012
-7.772232,110.375019
-7.772167,110.374922
-7.772236,110.375023
-7.772239,110.375026
-7.772243,110.37503
-7.77225,110.375035
-7.772183,110.374948
-7.772254,110.375038
-7.772258,110.37504
-7.772262,110.375042
-7.77227,110.375045
-7.772199,110.374973
-7.772274,110.375046
-7.772278,110.375047
-7.772282,110.375047
-7.77229,110.375048
-7.772214,110.374995
-7.772294,110.375047
-7.772298,110.375047
-7.772301,110.375047
-7.772308,110.375045
-7.772229,110.375016
-7.772312,110.375044
-7.772315,110.375043
-7.772318,110.375042
-7.772325,110.375039
-7.772247,110.375032
-7.772328,110.375038
-7.772332,110.375037
-7.772335,110.375035
-7.772342,110.375032
-7.772266,110.375044
-7.772346,110.37503
-7.772349,110.375028
-7.772353,110.375026
-7.772361,110.375023
-7.772286,110.375048
-7.772364,110.375022
-7.772368,110.375021
-7.772373,110.37502
-7.772381,110.375018
-7.772305,110.375046
-7.772385,110.375017
-7.772389,110.375017
-7.772393,110.375017
-7.772401,110.375017
-7.772322,110.375041
-7.772405,110.375017
-7.772408,110.375017
-7.772412,110.375018
-7.772419,110.375018
-7.772339,110.375033
-7.772423,110.375018
-7.772426,110.375018
-7.77243,110.375018
-7.772436,110.375016
-7.772357,110.375025
-7.772439,110.375015
-7.772442,110.375014
-7.772446,110.375013
-7.772451,110.375009
-7.772377,110.375019
-7.772454,110.375006
-7.772457,110.375004
-7.772459,110.375002
-7.772463,110.374996
-7.772397,110.375017
-7.772465,110.374993
-7.772466,110.37499
-7.772467,110.374988
-7.772468,110.374983
-7.772416,110.375018
-7.772469,110.374981
-7.77247,110.374979
-7.772471,110.374977
-7.772472,110.374973
-7.772433,110.375017
-7.772472,110.374971
-7.772472,110.374969
-7.772472,110.374967
-7.772472,110.374964
-7.772449,110.375011
-7.772472,110.374962
-7.772472,110.374961
-7.772472,110.374959
-7.772471,110.374956
-7.772461,110.374999
-7.77247,110.374954
-7.772469,110.374953
-7.772468,110.374951
-7.772466,110.374949
-7.772468,110.374985
-7.772464,110.374947
-7.772463,110.374947
-7.772462,110.374946
-7.772459,110.374945
-7.772471,110.374975
-7.772457,110.374945
-7.772455,110.374944
-7.772453,110.374944
-7.772449,110.374944
-7.772472,110.374966
-7.772447,110.374943
-7.772446,110.374944
-7.772444,110.374944
-7.772442,110.374944
-7.772471,110.374958
-7.772441,110.374944
-7.772441,110.374945
-7.772441,110.374945
-7.772441,110.374945
-7.772467,110.37495
-7.772441,110.374945
-7.772441,110.374946
-7.772441,110.374946
-7.772441,110.374946
-7.77246,110.374945
-7.772441,110.374946
-7.772441,110.374947
-7.772441,110.374947
-7.772441,110.374947
-7.772451,110.374944
-7.772442,110.374948
-7.772442,110.374948
-7.772443,110.374949
-7.772444,110.37495
-7.772443,110.374944
-7.772445,110.374951
-7.772447,110.374952
-7.772448,110.374953
-7.772451,110.374955
-7.772441,110.374945
-7.772453,110.374956
-7.772454,110.374956
-7.772456,110.374957
-7.772459,110.374959
-7.772441,110.374946
-7.77246,110.374959
-7.772461,110.37496
-7.772461,110.37496
-7.772462,110.37496
-7.772441,110.374947
-7.772462,110.374961
-7.772461,110.374961
-7.772461,110.374961
-7.772459,110.374962
-7.772444,110.37495
-7.772459,110.374962
-7.772458,110.374963
-7.772457,110.374963
-7.772456,110.374964
-7.77245,110.374954
-7.772455,110.374964
-7.772453,110.374965
-7.772452,110.374965
-7.772448,110.374966
-7.772457,110.374958
-7.772445,110.374967
-7.772443,110.374969
-7.77244,110.37497
-7.772433,110.374974
-7.772462,110.37496
-7.772429,110.374976
-7.772425,110.374979
-7.77242,110.374981
-7.77241,110.374986
-7.77246,110.374962
-7.772405,110.374989
-7.7724,110.374992
-7.772395,110.374996
-7.772383,110.375003
-7.772456,110.374963
-7.772378,110.375006
-7.772372,110.375009
-7.772366,110.375012
-7.772353,110.375017
-7.77245,110.374966
-7.772347,110.375019
-7.772341,110.375021
-7.772334,110.375023
-7.772321,110.375025
-7.772436,110.374972
-7.772314,110.375026
-7.772307,110.375026
-7.7723,110.375026
-7.772286,110.375026
-7.772415,110.374984
-7.772279,110.375025
-7.772272,110.375024
-7.772265,110.375023
-7.772252,110.375019
-7.772389,110.374999
-7.772245,110.375017
-7.772239,110.375015
-7.772232,110.375011
-7.77222,110.375005
-7.77236,110.375015
-7.772214,110.375001
-7.772207,110.374997
-7.772201,110.374993
-7.772189,110.374982
-7.772327,110.375024
-7.772184,110.374976
-7.772178,110.37497
-7.772173,110.374963
-7.772163,110.374949
-7.772293,110.375026
-7.772159,110.374942
-7.772155,110.374933
-7.77215,110.374925
-7.772141,110.374908
-7.772259,110.375021
-7.772137,110.374899
-7.772133,110.37489
-7.772128,110.374881
-7.772119,110.374863
-7.772226,110.375009
-7.772114,110.374854
-7.77211,110.374844
-7.772106,110.374835
-7.772096,110.374816
-7.772195,110.374987
-7.772092,110.374806
-7.772087,110.374796
-7.772082,110.374787
-7.772073,110.374768
-7.772168,110.374957
-7.772068,110.374759
-7.772064,110.374749
-7.772059,110.37474
-7.772049,110.374722
-7.772146,110.374916
-7.772045,110.374712
-7.77204,110.374704
-7.772035,110.374695
-7.772026,110.374677
-7.772124,110.374872
-7.772021,110.374668
-7.772016,110.37466
-7.772011,110.374652
-7.772003,110.374636
-7.772101,110.374825
-7.771999,110.374628
-7.771995,110.374621
-7.771991,110.374613
-7.771984,110.3746
-7.772078,110.374777
-7.771981,110.374593
-7.771977,110.374588
-7.771974,110.374582
-7.771968,110.37457
-7.772054,110.374731
-7.771966,110.374564
-7.771964,110.374559
-7.771961,110.374554
-7.771957,110.374544
-7.772031,110.374686
-7.771955,110.374538
-7.771954,110.374534
-7.771952,110.374529
-7.771949,110.374519
-7.772007,110.374643
-7.771948,110.374515
-7.771947,110.37451
-7.771946,110.374506
-7.771944,110.374498
-7.771988,110.374607
-7.771944,110.374495
-7.771944,110.374492
-7.771943,110.374489
-7.771943,110.374484
-7.771971,110.374576
-7.771942,110.374482
-7.771942,110.374479
-7.771942,110.374477
-7.771942,110.374473
-7.771959,110.374549
-7.771942,110.374471
-7.771942,110.374469
-7.771942,110.374468
-7.771942,110.374464
-7.77195,110.374524
-7.771942,110.374463
-7.771942,110.374461
-7.771943,110.374459
-7.771943,110.374455
-7.771945,110.374502
-7.771943,110.374453
-7.771944,110.374451
-7.771944,110.374449
-7.771945,110.374444
-7.771943,110.374486
-7.771946,110.374441
-7.771947,110.374438
-7.771948,110.374435
-7.771951,110.374428
-7.771942,110.374475
-7.771953,110.374424
-7.771955,110.37442
-7.771958,110.374416
-7.771964,110.374408
-7.771942,110.374466
-7.771967,110.374404
-7.771971,110.374399
-7.771975,110.374395
-7.771983,110.374386
-7.771943,110.374457
-7.771988,110.374382
-7.771993,110.374377
-7.771998,110.374372
-7.772009,110.374363
-7.771944,110.374446
-7.772014,110.374358
-7.77202,110.374354
-7.772026,110.37435
-7.772038,110.374341
-7.77195,110.374431
-7.772045,110.374336
-7.772051,110.374331
-7.772058,110.374327
-7.772072,110.374317
-7.771961,110.374412
-7.772079,110.374312
-7.772086,110.374307
-7.772094,110.374302
-7.772109,110.374292
-7.771979,110.374391
-7.772117,110.374287
-7.772125,110.374282
-7.772134,110.374277
-7.77215,110.374266
-7.772003,110.374367
-7.772159,110.37426
-7.772168,110.374255
-7.772177,110.374249
-7.772195,110.374238
-7.772032,110.374345
-7.772205,110.374232
-7.772214,110.374226
-7.772224,110.374221
-7.772243,110.37421
-7.772065,110.374322
-7.772252,110.374204
-7.772262,110.374199
-7.772271,110.374193
-7.772289,110.374182
-7.772101,110.374297
-7.772299,110.374177
-7.772308,110.374171
-7.772317,110.374166
-7.772335,110.374155
-7.772142,110.374272
-7.772344,110.37415
-7.772353,110.374145
-7.772362,110.374139
-7.772378,110.374129
-7.772186,110.374243
-7.772386,110.374124
-7.772394,110.374119
-7.772401,110.374115
-7.772415,110.374106
-7.772233,110.374215
-7.772421,110.374102
-7.772427,110.374099
-7.772433,110.374095
-7.772445,110.374089
-7.77228,110.374188
-7.77245,110.374085
-7.772455,110.374082
-7.772459,110.374079
-7.772468,110.374074
-7.772326,110.374161
-7.772472,110.374071
-7.772476,110.374069
-7.77248,110.374066
-7.772489,110.374062
-7.77237,110.374134
-7.772492,110.374059
-7.772497,110.374057
-7.772501,110.374054
-7.77251,110.374049
-7.772408,110.37411
-7.772514,110.374047
-7.772519,110.374045
-7.772523,110.374042
-7.772533,110.374037
-7.772439,110.374092
-7.772538,110.374034
-7.772542,110.374031
-7.772548,110.374028
-7.772558,110.374022
-7.772464,110.374077
-7.772564,110.374018
-7.77257,110.374014
-7.772577,110.37401
-7.77259,110.374003
-7.772485,110.374064
-7.772597,110.373999
-7.772604,110.373994
-7.772612,110.37399
-7.772628,110.37398
-7.772505,110.374052
-7.772636,110.373975
-7.772645,110.37397
-7.772654,110.373965
-7.772672,110.373955
-7.772528,110.37404
-7.772681,110.373949
-7.77269,110.373944
-7.7727,110.373938
-7.772718,110.373927
-7.772553,110.374025
-7.772728,110.373921
-7.772737,110.373916
-7.772747,110.37391
-7.772767,110.373899
-7.772583,110.374007
-7.772777,110.373893
-7.772787,110.373887
-7.772797,110.373881
-7.772818,110.373869
-7.77262,110.373985
-7.772828,110.373863
-7.772839,110.373857
-7.772849,110.37385
-7.772871,110.373838
-7.772663,110.37396
-7.772881,110.373832
-7.772892,110.373825
-7.772902,110.373819
-7.772924,110.373806
-7.772709,110.373932
-7.772935,110.3738
-7.772945,110.373793
-7.772956,110.373787
-7.772977,110.373774
-7.772757,110.373905
-7.772988,110.373767
-7.772998,110.373761
-7.773009,110.373754
-7.77303,110.373741
-7.772807,110.373875
-7.773041,110.373735
-7.773051,110.373728
-7.773062,110.373722
-7.773083,110.37371
-7.77286,110.373844
-7.773094,110.373704
-7.773105,110.373698
-7.773115,110.373692
-7.773136,110.373681
-7.772913,110.373812
-7.773147,110.373676
-7.773157,110.37367
-7.773168,110.373665
-7.773189,110.373654
-7.772966,110.37378
-7.7732,110.373648
-7.773211,110.373643
-7.773222,110.373637
-7.773244,110.373626
-7.773019,110.373748
-7.773256,110.37362
-7.773267,110.373615
-7.773279,110.373609
-7.773302,110.373597
-7.773073,110.373716
-7.773314,110.373591
-7.773326,110.373586
-7.773337,110.37358
-7.773361,110.373568
-7.773125,110.373687
-7.773373,110.373563
-7.773384,110.373558
-7.773396,110.373552
-7.773418,110.373542
-7.773178,110.373659
-7.773429,110.373537
-7.773439,110.373532
-7.773449,110.373528
-7.773469,110.373519
-7.773233,110.373631
-7.773478,110.373515
-7.773486,110.373512
-7.773495,110.373508
-7.77351,110.373502
-7.77329,110.373603
-7.773517,110.373499
-7.773524,110.373496
-7.773531,110.373493
-7.773543,110.373488
-7.773349,110.373574
-7.773549,110.373485
-7.773555,110.373483
-7.77356,110.373481
-7.77357,110.373476
-7.773407,110.373547
-7.773574,110.373474
-7.773578,110.373473
-7.773582,110.373471
-7.773588,110.373468
-7.773459,110.373523
-7.773591,110.373467
-7.773594,110.373466
-7.773596,110.373465
-7.773602,110.373463
-7.773503,110.373505
-7.773604,110.373462
-7.773606,110.373461
-7.773609,110.37346
-7.773614,110.373457
-7.773537,110.37349
-7.773617,110.373456
-7.77362,110.373455
-7.773623,110.373453
-7.77363,110.37345
-7.773565,110.373479
-7.773633,110.373449
-7.773637,110.373448
-7.773642,110.373446
-7.77365,110.373442
-7.773585,110.37347
-7.773655,110.37344
-7.773659,110.373438
-7.773664,110.373436
-7.773674,110.373431
-7.773599,110.373464
-7.773679,110.373429
-7.773685,110.373426
-7.773691,110.373424
-7.773703,110.373419
-7.773612,110.373459
-7.773709,110.373416
-7.773716,110.373413
-7.773723,110.37341
-7.773737,110.373404
-7.773627,110.373452
-7.773745,110.373401
-7.773752,110.373398
-7.77376,110.373394
-7.773777,110.373387
-7.773646,110.373444
-7.773785,110.373384
-7.773793,110.37338
-7.773802,110.373376
-7.773819,110.373369
-7.773669,110.373433
-7.773829,110.373365
-7.773838,110.373361
-7.773848,110.373357
-7.773867,110.373349
-7.773696,110.373421
-7.773877,110.373345
-7.773888,110.373341
-7.773899,110.373336
-7.77392,110.373327
-7.77373,110.373407
-7.773931,110.373323
-7.773943,110.373318
-7.773954,110.373313
-7.773977,110.373304
-7.773768,110.373391
-7.773989,110.373299
-7.774002,110.373295
-7.774014,110.37329
-7.774039,110.37328
-7.773811,110.373373
-7.774051,110.373275
-7.774064,110.37327
-7.774077,110.373265
-7.774101,110.373255
-7.773857,110.373353
-7.774114,110.37325
-7.774127,110.373245
-7.774139,110.37324
-7.774163,110.37323
-7.773909,110.373332
-7.774176,110.373225
-7.774188,110.373219
-7.774201,110.373214
-7.774225,110.373204
-7.773965,110.373309
-7.774237,110.373199
-7.774249,110.373194
-7.774261,110.373188
-7.774284,110.373178
-7.774026,110.373285
-7.774295,110.373174
-7.774307,110.373169
-7.774318,110.373164
-7.77434,110.373155
-7.774089,110.37326
-7.774352,110.37315
-7.774362,110.373145
-7.774373,110.373141
-7.774395,110.373131
-7.774151,110.373235
-7.774405,110.373127
-7.774416,110.373122
-7.774426,110.373118
-7.774446,110.373109
-7.774213,110.373209
-7.774456,110.373105
-7.774466,110.373101
-7.774475,110.373097
-7.774494,110.373089
-7.774273,110.373183
-7.774503,110.373085
-7.774512,110.373082
-7.774521,110.373078
-7.774538,110.373071
-7.774329,110.373159
-7.774546,110.373068
-7.774554,110.373064
-7.774562,110.373061
-7.774577,110.373055
-7.774384,110.373136
-7.774585,110.373052
-7.774591,110.37305
-7.774598,110.373047
-7.77461,110.373042
-7.774436,110.373113
-7.774616,110.37304
-7.774622,110.373038
-7.774627,110.373036
-7.774636,110.373032
-7.774485,110.373093
-7.77464,110.373031
-7.774644,110.373029
-7.774648,110.373027
-7.774656,110.373023
-7.774529,110.373075
-7.774659,110.37302
-7.774663,110.373018
-7.774667,110.373015
-7.774673,110.373008
-7.77457,110.373058
-7.774676,110.373005
-7.774678,110.373001
-7.774681,110.372997
-7.774685,110.372989
-7.774604,110.373045
-7.774686,110.372985
-7.774688,110.372981
-7.77469,110.372976
-7.774691,110.372967
-7.774631,110.373034
-7.774692,110.372962
-7.774692,110.372957
-7.774692,110.372953
-7.774691,110.372943
-7.774652,110.373025
-7.77469,110.372938
-7.774689,110.372933
-7.774688,110.372929
-7.774684,110.37292
-7.77467,110.373012
-7.774682,110.372915
-7.77468,110.372911
-7.774678,110.372907
-7.774674,110.372897
-7.774683,110.372993
-7.774671,110.372893
-7.774669,110.372888
-7.774666,110.372883
-7.774661,110.372874
-7.774691,110.372972
-7.774658,110.372869
-7.774655,110.372864
-7.774653,110.372859
-7.774647,110.372849
-7.774692,110.372948
-7.774645,110.372844
-7.774642,110.372839
-7.774639,110.372834
-7.774633,110.372824
-7.774686,110.372924
-7.774631,110.372818
-7.774628,110.372813
-7.774625,110.372808
-7.77462,110.372798
-7.774676,110.372902
-7.774618,110.372793
-7.774616,110.372788
-7.774613,110.372783
-7.774609,110.372773
-7.774663,110.372879
-7.774607,110.372768
-7.774605,110.372763
-7.774603,110.372758
-7.774599,110.372749
-7.77465,110.372854
-7.774597,110.372744
-7.774596,110.372739
-7.774594,110.372734
-7.774591,110.372724
-7.774636,110.372829
-7.77459,110.372719
-7.774588,110.372714
-7.774587,110.372709
-7.774584,110.372699
-7.774623,110.372803
-7.774583,110.372694
-7.774581,110.372689
-7.77458,110.372684
-7.774575,110.372675
-7.774611,110.372778
-7.774574,110.37267
-7.774572,110.372665
-7.77457,110.37266
-7.774568,110.372652
-7.774601,110.372753
-7.774566,110.372648
-7.774564,110.372644
-7.774562,110.37264
-7.774559,110.372633
-7.774592,110.372729
-7.774557,110.37263
-7.774555,110.372627
-7.774554,110.372623
-7.774551,110.372617
-7.774585,110.372704
-7.774549,110.372613
-7.774547,110.372609
-7.774545,110.372605
-7.77454,110.372597
-7.774577,110.372679
-7.774537,110.372592
-7.774534,110.372588
-7.774531,110.372584
-7.774525,110.372575
-7.774569,110.372656
-7.774523,110.37257
-7.774519,110.372566
-7.774516,110.372561
-7.77451,110.372551
-7.77456,110.372637
-7.774507,110.372546
-7.774504,110.372542
-7.774502,110.372537
-7.774497,110.372528
-7.774553,110.37262
-7.774494,110.372523
-7.774491,110.37252
-7.774488,110.372516
-7.774484,110.372508
-7.774542,110.372601
-7.774481,110.372504
-7.774479,110.3725
-7.774478,110.372496
-7.774474,110.372489
-7.774529,110.37258
-7.774473,110.372485
-7.774471,110.372481
-7.774469,110.372477
-7.774466,110.372469
-7.774513,110.372556
-7.774465,110.372465
-7.774464,110.37246
-7.774463,110.372456
-7.774461,110.372447
-7.774499,110.372533
-7.774461,110.372442
-7.774461,110.372437
-7.774461,110.372433
-7.774463,110.372424
-7.774486,110.372512
-7.774464,110.372419
-7.774466,110.372415
-7.774468,110.372411
-7.774472,110.372402
-7.774476,110.372492
-7.774475,110.372398
-7.774477,110.372394
-7.77448,110.37239
-7.774487,110.372382
-7.774468,110.372473
-7.774491,110.372378
-7.774495,110.372374
-7.774499,110.37237
-7.774507,110.372362
-7.774462,110.372451
-7.774511,110.372359
-7.774516,110.372355
-7.774521,110.372351
-7.77453,110.372344
-7.774462,110.372428
-7.774534,110.37234
-7.774539,110.372337
-7.774544,110.372333
-7.774552,110.372328
-7.77447,110.372407
-7.774555,110.372324
-7.774559,110.37232
-7.774562,110.372316
-7.774568,110.372308
-7.774484,110.372386
-7.77457,110.372304
-7.774573,110.372299
-7.774574,110.372295
-7.774576,110.372286
-7.774503,110.372366
-7.774577,110.372282
-7.774577,110.372277
-7.774577,110.372272
-7.774577,110.372262
-7.774525,110.372348
-7.774577,110.372257
-7.774576,110.372252
-7.774576,110.372246
-7.774573,110.372235
-7.774548,110.372331
-7.774571,110.372229
-7.774569,110.372223
-7.774567,110.372217
-7.774562,110.372203
-7.774565,110.372312
-7.774559,110.372197
-7.774557,110.37219
-7.774555,110.372183
-7.77455,110.372169
-7.774575,110.372291
-7.774547,110.372162
-7.774545,110.372154
-7.774542,110.372147
-7.774537,110.372133
-7.774577,110.372267
-7.774535,110.372125
-7.774532,110.372117
-7.77453,110.372109
-7.774525,110.372093
-7.774574,110.372241
-7.774522,110.372086
-7.77452,110.372078
-7.774518,110.37207
-7.774514,110.372055
-7.774565,110.37221
-7.774513,110.372047
-7.774511,110.37204
-7.774509,110.372033
-7.774506,110.37202
-7.774552,110.372176
-7.774505,110.372014
-7.774503,110.372008
-7.774502,110.372003
-7.7745,110.371994
-7.77454,110.37214
-7.774499,110.37199
-7.774498,110.371986
-7.774498,110.371983
-7.774496,110.371975
-7.774527,110.372101
-7.774495,110.371972
-7.774495,110.371969
-7.774494,110.371965
-7.774492,110.371959
-7.774516,110.372062
-7.774492,110.371956
-7.774491,110.371953
-7.774491,110.37195
-7.774489,110.371944
-7.774507,110.372026
-7.774489,110.371941
-7.774488,110.371938
-7.774488,110.371936
-7.774486,110.37193
-7.774501,110.371998
-7.774485,110.371928
-7.774483,110.371926
-7.774482,110.371923
-7.774479,110.371919
-7.774497,110.371979
-7.774478,110.371918
-7.774476,110.371916
-7.774474,110.371914
-7.774471,110.371912
-7.774493,110.371962
-7.774469,110.371911
-7.774468,110.37191
-7.774466,110.371909
-7.774462,110.371908
-7.77449,110.371947
-7.77446,110.371907
-7.774459,110.371907
-7.774457,110.371906
-7.774453,110.371906
-7.774487,110.371933
-7.774451,110.371906
-7.77445,110.371906
-7.774447,110.371905
-7.774443,110.371905
-7.774481,110.371921
-7.77444,110.371905
-7.774438,110.371905
-7.774435,110.371904
-7.77443,110.371904
-7.774473,110.371913
-7.774427,110.371904
-7.774424,110.371904
-7.774421,110.371904
-7.774415,110.371904
-7.774464,110.371908
-7.774411,110.371904
-7.774408,110.371904
-7.774404,110.371904
-7.774397,110.371904
-7.774455,110.371906
-7.774393,110.371904
-7.77439,110.371904
-7.774386,110.371904
-7.77438,110.371905
-7.774445,110.371905
-7.774377,110.371905
-7.774374,110.371905
-7.774371,110.371905
-7.774366,110.371905
-7.774432,110.371904
-7.774364,110.371905
-7.774361,110.371906
-7.774359,110.371906
-7.774355,110.371908
-7.774418,110.371904
-7.774352,110.371908
-7.774349,110.371909
-7.774346,110.37191
-7.774338,110.371911
-7.7744,110.371904
-7.774334,110.371912
-7.774329,110.371912
-7.774323,110.371913
-7.774313,110.371915
-7.774383,110.371905
-7.774308,110.371915
-7.774303,110.371916
-7.774298,110.371916
-7.774289,110.371917
-7.774368,110.371905
-7.774284,110.371918
-7.77428,110.371919
-7.774276,110.371919
-7.774269,110.37192
-7.774357,110.371907
-7.774265,110.371921
-7.774262,110.371921
-7.77426,110.371921
-7.774256,110.371922
-7.774342,110.37191
-7.774254,110.371922
-7.774252,110.371922
-7.77425,110.371923
-7.774246,110.371923
-7.774318,110.371914
-7.774244,110.371924
-7.774242,110.371924
-7.77424,110.371924
-7.774236,110.371925
-7.774293,110.371917
-7.774233,110.371925
-7.77423,110.371926
-7.774227,110.371926
-7.77422,110.371926
-7.774272,110.37192
-7.774217,110.371927
-7.774213,110.371927
-7.77421,110.371927
-7.774204,110.371927
-7.774258,110.371922
-7.7742,110.371927
-7.774197,110.371927
-7.774193,110.371927
-7.774185,110.371926
-7.774248,110.371923
-7.774182,110.371926
-7.774178,110.371926
-7.774174,110.371926
-7.774165,110.371926
-7.774238,110.371925
-7.77416,110.371925
-7.774155,110.371925
-7.774151,110.371925
-7.774141,110.371926
-7.774223,110.371926
-7.774136,110.371926
-7.774131,110.371926
-7.774125,110.371926
-7.774114,110.371926
-7.774207,110.371927
-7.774108,110.371926
-7.774101,110.371926
-7.774094,110.371926
-7.774081,110.371927
-7.774189,110.371927
-7.774074,110.371927
-7.774067,110.371928
-7.77406,110.371928
-7.774047,110.37193
-7.774169,110.371926
-7.77404,110.37193
-7.774034,110.37193
-7.774028,110.37193
-7.774016,110.37193
-7.774146,110.371926
-7.77401,110.37193
-7.774004,110.37193
-7.773998,110.371931
-7.773987,110.371931
-7.77412,110.371926
-7.773982,110.371932
-7.773976,110.371932
-7.77397,110.371933
-7.773959,110.371935
-7.774088,110.371926
-7.773953,110.371935
-7.773947,110.371936
-7.773941,110.371937
-7.773929,110.371939
-7.774053,110.371929
-7.773923,110.371939
-7.773917,110.37194
-7.773911,110.371941
-7.773898,110.371942
-7.774022,110.37193
-7.773892,110.371943
-7.773885,110.371944
-7.773879,110.371945
-7.773866,110.371947
-7.773993,110.371931
-7.773859,110.371948
-7.773852,110.371948
-7.773846,110.371949
-7.773832,110.371951
-7.773965,110.371934
-7.773825,110.371951
-7.773819,110.371952
-7.773812,110.371953
-7.7738,110.371955
-7.773935,110.371938
-7.773793,110.371956
-7.773787,110.371957
-7.773781,110.371959
-7.773769,110.371961
-7.773904,110.371941
-7.773763,110.371962
-7.773757,110.371964
-7.77375,110.371965
-7.773738,110.371968
-7.773872,110.371946
-7.773732,110.371969
-7.773726,110.37197
-7.77372,110.371972
-7.773708,110.371974
-7.773839,110.37195
-7.773702,110.371975
-7.773696,110.371976
-7.773691,110.371978
-7.77368,110.371981
-7.773806,110.371954
-7.773674,110.371982
-7.773669,110.371984
-7.773664,110.371984
-7.773654,110.371987
-7.773775,110.37196
-7.773648,110.371988
-7.773643,110.37199
-7.773637,110.371991
-7.773625,110.371994
-7.773744,110.371967
-7.773619,110.371996
-7.773613,110.371998
-7.773606,110.371999
-7.773594,110.372001
-7.773714,110.371973
-7.773588,110.372003
-7.773581,110.372005
-7.773575,110.372006
-7.773562,110.372009
-7.773685,110.37198
-7.773556,110.372011
-7.77355,110.372013
-7.773543,110.372015
-7.773531,110.372019
-7.773659,110.371985
-7.773524,110.372021
-7.773518,110.372023
-7.773511,110.372025
-7.773499,110.37203
-7.773631,110.371992
-7.773493,110.372032
-7.773487,110.372034
-7.773481,110.372036
-7.773469,110.372041
-7.7736,110.372
-7.773463,110.372044
-7.773457,110.372046
-7.773452,110.372049
-7.77344,110.372053
-7.773569,110.372008
-7.773434,110.372055
-7.773428,110.372058
-7.773422,110.372059
-7.773409,110.372064
-7.773537,110.372017
-7.773403,110.372066
-7.773396,110.372068
-7.77339,110.37207
-7.773378,110.372074
-7.773505,110.372028
-7.773372,110.372075
-7.773366,110.372077
-7.77336,110.372079
-7.773349,110.372084
-7.773475,110.372039
-7.773343,110.372086
-7.773338,110.372089
-7.773333,110.372091
-7.773324,110.372098
-7.773446,110.372051
-7.773319,110.372101
-7.773315,110.372105
-7.773312,110.372109
-7.773305,110.372117
-7.773415,110.372062
-7.773302,110.372122
-7.7733,110.372126
-7.773298,110.37213
-7.773295,110.37214
-7.773384,110.372072
-7.773294,110.372145
-7.773293,110.372149
-7.773292,110.372154
-7.773293,110.372164
-7.773354,110.372081
-7.773293,110.372169
-7.773293,110.372174
-7.773294,110.372179
-7.773296,110.37219
-7.773328,110.372094
-7.773298,110.372195
-7.773299,110.3722
-7.773301,110.372206
-7.773305,110.372218
-7.773308,110.372113
-7.773308,110.372224
-7.77331,110.37223
-7.773313,110.372237
-7.773318,110.372251
-7.773296,110.372135
-7.77332,110.372258
-7.773323,110.372266
-7.773326,110.372273
-7.773332,110.372288
-7.773292,110.372159
-7.773335,110.372295
-7.773338,110.372303
-7.773341,110.372311
-7.773348,110.372326
-7.773295,110.372185
-7.773352,110.372334
-7.773355,110.372343
-7.773358,110.372351
-7.773366,110.372368
-7.773303,110.372212
-7.77337,110.372376
-7.773374,110.372385
-7.773377,110.372393
-7.773386,110.37241
-7.773315,110.372244
-7.77339,110.372419
-7.773394,110.372428
-7.773398,110.372437
-7.773406,110.372455
-7.773329,110.37228
-7.773411,110.372464
-7.773415,110.372473
-7.773419,110.372482
-7.773428,110.372501
-7.773345,110.372319
-7.773432,110.37251
-7.773436,110.372519
-7.77344,110.372528
-7.773447,110.372546
-7.773362,110.37236
-7.773451,110.372555
-7.773454,110.372564
-7.773458,110.372573
-7.773465,110.37259
-7.773381,110.372402
-7.773469,110.372598
-7.773472,110.372606
-7.773475,110.372614
-7.773481,110.37263
-7.773402,110.372446
-7.773484,110.372637
-7.773487,110.372644
-7.77349,110.37265
-7.773494,110.372662
-7.773423,110.372492
-7.773496,110.372667
-7.773498,110.372673
-7.7735,110.372678
-7.773503,110.372686
-7.773444,110.372537
-7.773505,110.372691
-7.773506,110.372694
-7.773508,110.372698
-7.773511,110.372704
-7.773461,110.372581
-7.773512,110.372707
-7.773513,110.37271
-7.773515,110.372712
-7.773518,110.372718
-7.773479,110.372622
-7.77352,110.37272
-7.773522,110.372723
-7.773524,110.372725
-7.773528,110.37273
-7.773492,110.372656
-7.77353,110.372732
-7.773532,110.372734
-7.773534,110.372736
-7.773539,110.372739
-7.773502,110.372682
-7.773542,110.372741
-7.773545,110.372742
-7.773548,110.372744
-7.773555,110.372747
-7.773509,110.372701
-7.773559,110.372749
-7.773563,110.372751
-7.773568,110.372752
-7.773578,110.372755
-7.773516,110.372715
-7.773583,110.372756
-7.773588,110.372757
-7.773593,110.372757
-7.773604,110.372757
-7.773526,110.372727
-7.77361,110.372756
-7.773615,110.372755
-7.773621,110.372753
-7.773633,110.372749
-7.773536,110.372737
-7.773639,110.372747
-7.773645,110.372745
-7.773652,110.372742
-7.773665,110.372736
-7.773551,110.372746
-7.773671,110.372732
-7.773677,110.372729
-7.773684,110.372725
-7.773697,110.372718
-7.773573,110.372754
-7.773703,110.372714
-7.77371,110.37271
-7.773717,110.372706
-7.773731,110.372698
-7.773598,110.372757
-7.773738,110.372694
-7.773746,110.372689
-7.773753,110.372685
-7.773769,110.372677
-7.773627,110.372751
-7.773777,110.372673
-7.773785,110.372668
-7.773793,110.372664
-7.773811,110.372655
-7.773658,110.372739
-7.77382,110.372651
-7.773829,110.372647
-7.773837,110.372643
-7.773856,110.372635
-7.77369,110.372722
-7.773865,110.372631
-7.773874,110.372627
-7.773884,110.372623
-7.773902,110.372614
-7.773724,110.372702
-7.773912,110.372609
-7.773923,110.372605
-7.773932,110.3726
-7.773952,110.372592
-7.773761,110.372681
-7.773962,110.372587
-7.773972,110.372582
-7.773981,110.372578
-7.774,110.372569
-7.773802,110.37266
-7.77401,110.372564
-7.774019,110.37256
-7.774029,110.372556
-7.774047,110.372547
-7.773846,110.37264
-7.774056,110.372542
-7.774065,110.372538
-7.774074,110.372534
-7.774092,110.372525
-7.773893,110.372618
-7.774101,110.372521
-7.77411,110.372518
-7.77412,110.372514
-7.774137,110.372507
-7.773942,110.372596
-7.774146,110.372503
-7.774155,110.372499
-7.774164,110.372496
-7.774181,110.372489
-7.773991,110.372573
-7.77419,110.372485
-7.774199,110.372482
-7.774207,110.372478
-7.774224,110.372471
-7.774038,110.372551
-7.774232,110.372468
-7.77424,110.372464
-7.774248,110.372461
-7.774264,110.372455
-7.774083,110.372529
-7.774272,110.372452
-7.77428,110.372448
-7.774288,110.372446
-7.774303,110.37244
-7.774129,110.37251
-7.77431,110.372438
-7.774318,110.372435
-7.774325,110.372434
-7.774339,110.372431
-7.774173,110.372492
-7.774345,110.372431
-7.774352,110.37243
-7.774358,110.37243
-7.774371,110.37243
-7.774215,110.372475
-7.774377,110.37243
-7.774382,110.372431
-7.774388,110.372432
-7.774399,110.372435
-7.774256,110.372458
-7.774405,110.372436
-7.77441,110.372437
-7.774415,110.372439
-7.774425,110.372444
-7.774295,110.372443
-7.77443,110.372446
-7.774435,110.372449
-7.774439,110.372452
-7.774446,110.372457
-7.774332,110.372432
-7.774449,110.37246
-7.774452,110.372463
-7.774455,110.372466
-7.77446,110.372472
-7.774365,110.37243
-7.774462,110.372475
-7.774465,110.372478
-7.774467,110.372482
-7.774472,110.372489
-7.774394,110.372434
-7.774475,110.372492
-7.774476,110.372496
-7.774478,110.372501
-7.774482,110.37251
-7.774421,110.372441
-7.774484,110.372515
-7.774486,110.37252
-7.774488,110.372525
-7.774491,110.372535
-7.774442,110.372454
-7.774493,110.37254
-7.774495,110.372545
-7.774497,110.37255
-7.774502,110.37256
-7.774457,110.372469
-7.774505,110.372565
-7.774507,110.37257
-7.77451,110.372575
-7.774516,110.372585
-7.77447,110.372485
-7.774519,110.37259
-7.774521,110.372595
-7.774524,110.3726
-7.77453,110.372611
-7.774481,110.372505
-7.774533,110.372616
-7.774536,110.372622
-7.774539,110.372628
-7.774545,110.37264
-7.774489,110.37253
-7.774547,110.372646
-7.77455,110.372652
-7.774553,110.372658
-7.774558,110.37267
-7.7745,110.372555
-7.77456,110.372676
-7.774562,110.372681
-7.774565,110.372687
-7.774569,110.372699
-7.774513,110.37258
-7.774572,110.372705
-7.774574,110.372711
-7.774576,110.372717
-7.77458,110.37273
-7.774527,110.372606
-7.774582,110.372736
-7.774584,110.372742
-7.774586,110.372748
-7.77459,110.37276
-7.774542,110.372634
-7.774592,110.372767
-7.774593,110.372772
-7.774595,110.372778
-7.774598,110.372789
-7.774555,110.372664
-7.7746,110.372794
-7.774602,110.372799
-7.774603,110.372805
-7.774606,110.372815
-7.774567,110.372693
-7.774607,110.37282
-7.774609,110.372824
-7.77461,110.372829
-7.774612,110.372838
-7.774578,110.372723
-7.774613,110.372843
-7.774615,110.372847
-7.774616,110.372851
-7.774618,110.372859
-7.774588,110.372754
-7.774618,110.372862
-7.774619,110.372865
-7.77462,110.372868
-7.774622,110.372873
-7.774597,110.372784
-7.774623,110.372874
-7.774623,110.372876
-7.774624,110.372877
-7.774625,110.37288
-7.774605,110.37281
-7.774626,110.372881
